CDS (Child-directed speech),ADS (adult-directed speech),English,Country,PoS (Part of Speech),Language branch,Language (group),Variety/Dialect,Comments
xaltu,xalt-,aunt (maternal),Morocco,n,Semitic,Arabic,Ketama Arabic,
ɛemtu,ɛemt-,aunt (paternal),Morocco,n,Semitic,Arabic,Ketama Arabic,
bezzi,rebbu,baby,Morocco,n,Amazigh (Berber),Senhaja,Ketama,
ḇiḇiḥ,aḥḓiḓ,baby,Morocco,n,Amazigh (Berber),Tarifiyt,Iqeraiyen,
ḇiḇiḥ,aḥḓiḓ ,baby,Morocco,n,Amazigh (Berber),Tarifiyt,Said,
ḇiḇiḥ,aḥḓiḓ ,baby,Morocco,n,Amazigh (Berber),Tarifiyt,Tuzin,
mummu,,baby,Morocco,n,Semitic,Arabic,Ketama Arabic,
ɛeddis,ṯaɛeddist,belly,Morocco,n,Amazigh (Berber),Tarifiyt,Iqeraiyen,
ɛeddis,ṯaɛeddist,belly,Morocco,n,Amazigh (Berber),Senhaja,Zerqet,
"ṯaḥebbuṭ, aḥebbuḓ",ṯaɛeddist,belly,Morocco,n,Amazigh (Berber),Senhaja,Zerqet,
ṯašiḇut,ṯaɛeddist,belly,Morocco,n,Amazigh (Berber),Tarifiyt,Said,
ṯašiḇut,ṯaɛeddist,belly,Morocco,n,Amazigh (Berber),Senhaja,Zerqet,
čawčaw,aḥemmir,"bird(s), chicken",Morocco,n,Amazigh (Berber),Senhaja,Ketama,
čawčaw,,"bird(s), chicken",Morocco,n,Amazigh (Berber),Senhaja,Zerqet,
čiwčiw,aḥemmir,"bird(s), chicken",Morocco,n,Amazigh (Berber),Senhaja,Ketama,
čiwčiw,,"bird(s), chicken",Morocco,n,Amazigh (Berber),Senhaja,Mezduy,
čiwčiw,ažḓiḓ,"bird(s), chicken",Morocco,n,Amazigh (Berber),Tarifiyt,Tuzin,
čiwčiw,,"bird(s), chicken",Morocco,n,Amazigh (Berber),Senhaja,Zerqet,
šawšaw,,"bird(s), chicken",Morocco,n,Semitic,Arabic,Ketama Arabic,
šawšaw,,"bird(s), chicken",Morocco,n,Amazigh (Berber),Senhaja,Mezduy,
štiti,ažḓiḓ,"bird(s), chicken",Morocco,n,Amazigh (Berber),Tarifiyt,Iqeraiyen,
tiwtiw,,"bird(s), chicken",Morocco,n,Semitic,Arabic,Ketama Arabic,
tiwtiw,aḥemmir ,"bird(s), chicken",Morocco,n,Amazigh (Berber),Senhaja,Ketama,
tiwtiw,,"bird(s), chicken",Morocco,n,Amazigh (Berber),Senhaja,Mezduy,
tiwtiw,,"bird(s), chicken",Morocco,n,Amazigh (Berber),Senhaja,Mezduy,
tiwtiw,ažḓiḓ,"bird(s), chicken",Morocco,n,Amazigh (Berber),Tarifiyt,Said,
tiwtiw,ažḓiḓ,"bird(s), chicken",Morocco,n,Amazigh (Berber),Tarifiyt,Tuzin,
ṯququht,,"birds, hen, chicken",Morocco,n,Amazigh (Berber),Tarifiyt,Said,
ququɛuɛɛu,,"birds: rooster, chicken",Morocco,n,Semitic,Arabic,Ketama Arabic,
ququɛuɛɛu,"(ṯ)afulust, aɛttuq, abedžiw ","birds: rooster, chicken",Morocco,n,Amazigh (Berber),Senhaja,Ketama,"(ṯ)afulust ‘hen’, aɛttuq ‘rooster’, abedžiw ‘chicken’"
ququɛuɛɛu,,"birds: rooster, chicken",Morocco,n,Amazigh (Berber),Senhaja,Mezduy,
ququɛuɛɛu,"ṯyaẓiṭṭ, yaẓiḓ, fidžus","birds: rooster, chicken",Morocco,n,Amazigh (Berber),Tarifiyt,Iqeraiyen,"ṯyaẓiṭṭ ‘hen’, yaẓiḓ ‘rooster’, fidžus ‘chicken’"
ququɛuɛɛu,"ṯyaẓiṭṭ, yaẓiḓ, fidžus","birds: rooster, chicken",Morocco,n,Amazigh (Berber),Tarifiyt,Said,"ṯyaẓiṭṭ ‘hen’, yaẓiḓ ‘rooster’, fidžus ‘chicken’"
ququɛuɛɛu,"ṯyaẓiṭṭ, yaẓiḓ, fidžus","birds: rooster, chicken",Morocco,n,Amazigh (Berber),Tarifiyt,Tuzin,"ṯyaẓiṭṭ ‘hen’, yaẓiḓ ‘rooster’, fidžus ‘chicken’"
ququɛuɛɛu,,"birds: rooster, chicken",Morocco,n,Amazigh (Berber),Senhaja,Zerqet,
ṯbibit,paḇu,birds: turkey,Morocco,n,Amazigh (Berber),Tarifiyt,Said,
ṯbibit,paḇu,birds: turkey,Morocco,n,Amazigh (Berber),Tarifiyt,Tuzin,
pappa,"lxubz, aɣrum",bread,Morocco,n,Semitic,Arabic,Ketama Arabic,
pappa,aġrum,bread,Morocco,n,Amazigh (Berber),Senhaja,Ketama,
pappa,aɣrum,bread,Morocco,n,Amazigh (Berber),Senhaja,Mezduy,
pappa,aġrum,bread,Morocco,n,Amazigh (Berber),Tarifiyt,Iqeraiyen,
pappa,aġrum,bread,Morocco,n,Amazigh (Berber),Tarifiyt,Tuzin,
pappaḥ,,bread,Morocco,n,Amazigh (Berber),Senhaja,Zerqet,
bibbiš,,breast,Morocco,n,Amazigh (Berber),Senhaja,Zerqet,
tatta,,breast,Morocco,n,Semitic,Arabic,Ketama Arabic,
tatta,(ṯ)iffat,breast,Morocco,n,Amazigh (Berber),Senhaja,Ketama,"(ṯ)iffat SG, (ṯ)iffatin PL ‘breast(s)’, ṯabbišt, ṯibbišin (Talġunt, Sahel dialects of Ketama)"
bibbiš,abbiš,breast ,Morocco,n,Amazigh (Berber),Tarifiyt,Iqeraiyen,"abbiš, SG/DIM ṯabbišt, PL ibbaš"
bibbiš,abbiš,breast ,Morocco,n,Amazigh (Berber),Tarifiyt,Tuzin,"abbiš, SG/DIM ṯabbišt, PL ibbaš; iff, PL iffan (more acceptable/ used in various contexts) ‘chest’; iḏmaren (pl.tant.) ‘chest’"
bibbit,abbiš,breast ,Morocco,n,Amazigh (Berber),Tarifiyt,Iqeraiyen,"abbiš, SG/DIM ṯabbišt, PL ibbaš"
bibbit,abbiš,breast ,Morocco,n,Amazigh (Berber),Tarifiyt,Said,"abbiš, SG/DIM ṯabbišt, PL ibbaš"
tatta,ašwwal,"breast, genitals (male)",Morocco,n,Amazigh (Berber),Senhaja,Ketama,"ašwwal (no F), aqellay (no F), amallay (no F; Ayt Hmed); aḥṭuṭ (Ayt Bunsar),...; (ṯ)iffat SG, (ṯ)iffatin PL ‘breast(s)’, ṯabbišt, ṯibbišin (Talġunt, Sahel dialects of Ketama)"
abi-d,awi-d,bring,Morocco,v,Amazigh (Berber),Senhaja,Ketama,
abi(d),awi-d,bring,Morocco,v,Amazigh (Berber),Tarifiyt,Iqeraiyen,
"kfuta, akeffut","axna, axžun",buttocks,Morocco,n,Amazigh (Berber),Senhaja,Ketama,
nanna,"ṯaxna, axenwiw",buttocks,Morocco,n,Amazigh (Berber),Tarifiyt,Iqeraiyen,
"qunnit, ṯqunnit","ṯaxna, axenwiw",buttocks,Morocco,n,Amazigh (Berber),Tarifiyt,Iqeraiyen,
besbes,,cat,Morocco,n,Semitic,Arabic,Ketama Arabic,
besbes,,cat,Morocco,n,Amazigh (Berber),Senhaja,Zerqet,
bisbis,,cat,Morocco,n,Amazigh (Berber),Senhaja,Zerqet,
meššu,mšiš,cat,Morocco,n,Amazigh (Berber),Senhaja,Ketama,
meššu,,cat,Morocco,n,Amazigh (Berber),Senhaja,Zerqet,
mmyaw-mmyaw,muš(š),cat,Morocco,n,Amazigh (Berber),Tarifiyt,Tuzin,muš(š); amšiš (Al Hoceima/Ayt Waryaghel)
mmyaw-mmyaw,,cat,Morocco,n,Amazigh (Berber),Senhaja,Zerqet,
šebšeb,muš(š),cat,Morocco,n,Amazigh (Berber),Tarifiyt,Iqeraiyen,
šibši,muš(š),cat,Morocco,n,Amazigh (Berber),Tarifiyt,Said,
"ḥaḥḥa, ḥaḥa",,clothes,Morocco,n,Semitic,Arabic,Ketama Arabic,
"ḥaḥḥa, ḥaḥa","ddrabel, lḥwayž ",clothes,Morocco,n,Amazigh (Berber),Senhaja,Ketama,
"ḥaḥḥa, ḥaḥa",,clothes,Morocco,n,Amazigh (Berber),Senhaja,Mezduy,
ḥebbu,aṛṛuḓ,clothes,Morocco,n,Amazigh (Berber),Tarifiyt,Iqeraiyen,
ḥebbu,aṛṛuḓ,clothes,Morocco,n,Amazigh (Berber),Tarifiyt,Said,
ḥebbut,aṛṛuḓ,clothes,Morocco,n,Amazigh (Berber),Tarifiyt,Said,
abaḥ,"ddu, arwaḥ, adu ",come!,Morocco,v,Amazigh (Berber),Senhaja,Ketama,ddu; arwaḥ/adu (Talġunt)
abaḥ,raḥ-id,come!,Morocco,v,Amazigh (Berber),Tarifiyt,Iqeraiyen,
adu,"ddu, arwaḥ, adu ",come!,Morocco,v,Amazigh (Berber),Senhaja,Ketama,ddu; arwaḥ/adu (Talġunt)
adu,,come!,Morocco,v,Amazigh (Berber),Senhaja,Zerqet,
araḥ,,come!,Morocco,v,Semitic,Arabic,Ketama Arabic,
araḥ,"ddu, arwaḥ, adu",come!,Morocco,v,Amazigh (Berber),Senhaja,Ketama,ddu; arwaḥ/adu (Talġunt)
azi,,come!,Morocco,v,Semitic,Arabic,Ketama Arabic,
mmuu,,cow,Morocco,n,Amazigh (Berber),Senhaja,Zerqet,
mmuuh,ṯafunast,cow,Morocco,n,Amazigh (Berber),Tarifiyt,Tuzin,
tppprš,(ṯ)amgat,cow,Morocco,n,Amazigh (Berber),Senhaja,Ketama,
beɛɛu,,"danger, monster",Morocco,n,Amazigh (Berber),Tarifiyt,Iqeraiyen,
buɛɛu,,"danger, monster",Morocco,n,Semitic,Arabic,Ketama Arabic,
buɛɛu,,"danger, monster",Morocco,n,Amazigh (Berber),Senhaja,Ketama,
buɛɛu,,"danger, monster",Morocco,n,Amazigh (Berber),Senhaja,Mezduy,
buɛɛu,---,"danger, monster",Morocco,n,Amazigh (Berber),Tarifiyt,Said,No equivalent in ADS. 
buɛɛu,---,"danger, monster",Morocco,n,Amazigh (Berber),Tarifiyt,Tuzin,No equivalent in ADS. 
buɛɛu,,"danger, monster",Morocco,n,Amazigh (Berber),Senhaja,Zerqet,
bbux,mmuṯ ,die,Morocco,v,Amazigh (Berber),Tarifiyt,Iqeraiyen,3MS i-mmuṯ 'he died' etc
bbux,mmuṯ,die,Morocco,v,Amazigh (Berber),Tarifiyt,Said,3MS i-mmuṯ 'he died' etc
bbux,,die,Morocco,v,Amazigh (Berber),Senhaja,Zerqet,
xixxi,,"dirty, poo",Morocco,n,Semitic,Arabic,Ketama Arabic,
xixxi,"iẓ̌ẓ̌a, lexra","dirty, poo",Morocco,n,Amazigh (Berber),Senhaja,Ketama,"iẓ̌ẓ̌a ‘dirty, ugly’; lexra ‘shit’; (ṯ)axerriṭ ‘piece of shit’"
xixxi,,"dirty, poo",Morocco,n,Amazigh (Berber),Senhaja,Mezduy,
xixxi,bāḓ,"dirty, poo",Morocco,n,Amazigh (Berber),Tarifiyt,Iqeraiyen,
xixxi,wā yeḥri,"dirty, poo",Morocco,n,Amazigh (Berber),Tarifiyt,Said,
xixxi,"wā yeḥri, iẓẓan","dirty, poo",Morocco,n,Amazigh (Berber),Tarifiyt,Tuzin,wā yeḥri 'dirty' (lit. 'not good'); iẓẓan 'shit'
xixxi,bāḓ (< breḓ); iẓẓan,"dirty, poo",Morocco,n,Amazigh (Berber),Tarifiyt,Tuzin,bāḓ (< breḓ) ‘to poo’; iẓẓan ‘shit’
xixxi,,"dirty, poo",Morocco,n,Amazigh (Berber),Senhaja,Zerqet,
"kexx, kxxa",,"dirty, stop",Morocco,interj,Semitic,Arabic,Ketama Arabic,
"kexx, kxxa","iẓ̌ẓ̌a, lexra","dirty, stop",Morocco,interj,Amazigh (Berber),Senhaja,Ketama,"iẓ̌ẓ̌a ‘dirty, ugly’; lexra ‘shit’; (ṯ)axerriṭ ‘piece of shit’"
"kexx, kxxa",,"dirty, stop",Morocco,interj,Amazigh (Berber),Senhaja,Mezduy,
"kexx, kxxa",ixx(x),"dirty, stop",Morocco,interj,Amazigh (Berber),Tarifiyt,Iqeraiyen,"ixx(x) interj. expressing disgust; cf. yaɛ, yaɛɛu, yaɛɛat (interj.), tfu"
"kexx, kxxa",ixx(x),"dirty, stop",Morocco,interj,Amazigh (Berber),Tarifiyt,Tuzin,"ixx(x) interj. expressing disgust; cf. yaɛ, yaɛɛu, yaɛɛat (interj.), tfu"
"kexx, kxxa",,"dirty, stop",Morocco,interj,Amazigh (Berber),Senhaja,Zerqet,
eɛɛ,,disgust,Morocco,interj,Semitic,Arabic,Ketama Arabic,
eɛɛ,eɛɛ; ṭeẓẓ,disgust,Morocco,interj,Amazigh (Berber),Senhaja,Ketama,
eɛɛ,,disgust,Morocco,interj,Amazigh (Berber),Senhaja,Mezduy,
yaɛɛ,yaɛɛ,disgust,Morocco,interj,Amazigh (Berber),Tarifiyt,Tuzin,
yaɛɛ,,disgust,Morocco,interj,Amazigh (Berber),Senhaja,Zerqet,
ɛawɛaw ,,dog,Morocco,n,Amazigh (Berber),Senhaja,Mezduy,
ɛawɛaw ,,dog,Morocco,n,Amazigh (Berber),Senhaja,Zerqet,
hawhaw,,dog,Morocco,n,Semitic,Arabic,Ketama Arabic,
hawhaw,,dog,Morocco,n,Amazigh (Berber),Tarifiyt,Said,
hawhaw,,dog,Morocco,n,Amazigh (Berber),Senhaja,Zerqet,
kezzu,"ḥerraz, aqzzun ",dog,Morocco,n,Amazigh (Berber),Senhaja,Ketama,"ḥerraz, aherḏan (Ayt Bunsar, Ayt Hmed, Ayt Bushibet); aqzzun ‘puppy’"
kzuzu,,dog,Morocco,n,Amazigh (Berber),Tarifiyt,Said,
kzuzu,"aqzin, aḳzin ",dog,Morocco,n,Amazigh (Berber),Tarifiyt,Tuzin,"aqzin (Riff), aḳzin (Ayt Tuzin)"
qezzu,,dog,Morocco,n,Amazigh (Berber),Tarifiyt,Iqeraiyen,
qzuzu,,dog,Morocco,n,Amazigh (Berber),Tarifiyt,Said,
qzuzu,"aqzin, aḳzin ",dog,Morocco,n,Amazigh (Berber),Tarifiyt,Tuzin,"aqzin (Riff), aḳzin (Ayt Tuzin)"
ɛawɛaw ,,dog ,Syria,n,Semitic,Arabic,Ketama Arabic,
ɛawɛaw ,,dog ,Syria,n,Amazigh (Berber),Senhaja,Ketama,
nunus,,doll,Morocco,n,Semitic,Arabic,Ketama Arabic,
nunus,,doll,Morocco,n,Amazigh (Berber),Senhaja,Mezduy,
nunusa,,doll,Morocco,n,Semitic,Arabic,Ketama Arabic,
ġlulu,aġyuř,donkey,Morocco,n,Amazigh (Berber),Tarifiyt,Said,
ḥa,aġyuř,donkey,Morocco,n,Amazigh (Berber),Tarifiyt,Said,
ɛuɛɛu,"aġyuy, aserḏun","donkey, mule",Morocco,n,Amazigh (Berber),Senhaja,Ketama,aġyuy 'donkey'; aserḏun 'mule'
ɛyyu,"aġyuy, aserḏun","donkey, mule",Syria,n,Amazigh (Berber),Senhaja,Ketama,aġyuy 'donkey'; aserḏun 'mule'
ġlulu,aserdun,"donkey, mule",Morocco,n,Amazigh (Berber),Tarifiyt,Said,
ġlulu,aġyuř,"donkey, mule",Morocco,n,Amazigh (Berber),Tarifiyt,Tuzin,
luluš,"aserdun, asā[r]ḏun","donkey, mule",Morocco,n,Amazigh (Berber),Tarifiyt,Tuzin,"aserdun (Riff), asā[r]ḏun (Ayt Tuzin)"
šašša,,"donkey, mule",Morocco,n,Amazigh (Berber),Senhaja,Mezduy,
uɛaɛ ,,"donkey, mule",Morocco,n,Amazigh (Berber),Senhaja,Zerqet,
guggu,(ṯ)awwerṯ,"door, knock-knock (the sound of knocking on the door)",Morocco,n,Amazigh (Berber),Senhaja,Ketama,"(ṯ)awwerṯ 'door', ṭaqṭaq 'knock knock'"
ɛenna,,eat,Morocco,v,Amazigh (Berber),Tarifiyt,Iqeraiyen,
ɛenna,,eat,Morocco,v,Amazigh (Berber),Tarifiyt,Said,
titti,,eat,Morocco,v,Amazigh (Berber),Tarifiyt,Tuzin,
ɛamɛam,,"eat, bite, food",Morocco,v,Semitic,Arabic,Ketama Arabic,
ɛamɛam,šš,"eat, bite, food",Morocco,v,Amazigh (Berber),Senhaja,Ketama,"Verb šš, imperative 'hešš 'eat!'"
ɛamɛam,,"eat, bite, food",Morocco,v,Amazigh (Berber),Senhaja,Mezduy,
ɛamɛam,,"eat, bite, food",Morocco,v,Amazigh (Berber),Senhaja,Zerqet,
ɛnaɛnna,,"eat, bite, food",Morocco,v,Amazigh (Berber),Tarifiyt,Iqeraiyen,
ɛnaɛnna,,"eat, bite, food",Morocco,v,Amazigh (Berber),Tarifiyt,Said,
mimmi,,"eat, food",Morocco,v,Semitic,Arabic,Ketama Arabic,
mimmiš,,"eat, food",Morocco,v,Semitic,Arabic,Ketama Arabic,
fiffi,"awfilṯ, agfilṯ",egg,Morocco,n,Amazigh (Berber),Senhaja,Ketama,
tača,ṯamdžač,egg,Morocco,n,Amazigh (Berber),Tarifiyt,Tuzin,
tata,ṯamdžač,egg,Morocco,n,Amazigh (Berber),Tarifiyt,Iqeraiyen,
ṭaṭa,,egg,Morocco,n,Amazigh (Berber),Senhaja,Zerqet,
tataw,"ṯawfilṯ, ṯagfilṯ",egg,Morocco,n,Amazigh (Berber),Senhaja,Ketama,
mummu,,eyes,Morocco,n,Amazigh (Berber),Senhaja,Zerqet,
dudu,wḓa ,fall (he fell),Morocco,v,Amazigh (Berber),Tarifiyt,Iqeraiyen,
papas,ḇaḇa,father,Morocco,n,Amazigh (Berber),Tarifiyt,Tuzin,
fuffu,,"fire, hot",Morocco,n,Semitic,Arabic,Ketama Arabic,
fuffu,"(ṯ)imssi, i-ḥma ","fire, hot",Morocco,n,Amazigh (Berber),Senhaja,Ketama,"(ṯ)imssi ‘fire’, i-ḥma ‘it is hot’"
fuffu,,"fire, hot",Morocco,n,Amazigh (Berber),Senhaja,Mezduy,
fuffu,,"fire, hot",Morocco,n,Amazigh (Berber),Senhaja,Mezduy,
fuffu,"ṯimssi, i-ḥma ","fire, hot",Morocco,n,Amazigh (Berber),Tarifiyt,Iqeraiyen,"ṯimssi 'fire', i-ḥma 'it is hot'"
fuffu,"ṯimssi, i-ḥma ","fire, hot",Morocco,n,Amazigh (Berber),Tarifiyt,Tuzin,"ṯimssi 'fire', i-ḥma 'it is hot'"
fuffu,,"fire, hot",Morocco,n,Amazigh (Berber),Senhaja,Zerqet,
ninni,sserḏin,fish,Morocco,n,Amazigh (Berber),Senhaja,Ketama,"sserḏin (Ketama), vs. Senhaja iselman"
mnamna,,food,Morocco,n,Amazigh (Berber),Senhaja,Ketama,
mnamna,,food,Morocco,n,Amazigh (Berber),Senhaja,Zerqet,
"mnamna, mnamni",,food,Morocco,n,Semitic,Arabic,Ketama Arabic,
"mnamna, mnamni",,food,Morocco,n,Amazigh (Berber),Senhaja,Mezduy,
bčuta,abčun,genitals (female),Morocco,n,Amazigh (Berber),Senhaja,Ketama,
pčuta,abčun,genitals (female),Morocco,n,Amazigh (Berber),Senhaja,Ketama,
bibbiš,"aḇrur, amenyar, aqellaw",genitals (male),Morocco,n,Amazigh (Berber),Tarifiyt,Iqeraiyen,
čuta,,genitals (male),Morocco,n,Amazigh (Berber),Senhaja,Ketama,
maɛɛ,ṯġaṭ ,"goat, sheep",Morocco,n,Amazigh (Berber),Tarifiyt,Tuzin,"ṯġaṭ (F), iġḏ (M) "
maɛɛa,(ṯ)aġaṭṭ ,"goat, sheep",Morocco,n,Amazigh (Berber),Senhaja,Ketama,
maɛɛa,,"goat, sheep",Morocco,n,Amazigh (Berber),Senhaja,Zerqet,
maɛɛa(š),,"goat, sheep",Morocco,n,Semitic,Arabic,Ketama Arabic,
maɛɛa(š),,"goat, sheep",Morocco,n,Amazigh (Berber),Senhaja,Mezduy,
bbaḥ,,"gone, finished; I don't have it (any more)",Morocco,v,Semitic,Arabic,Ketama Arabic,
bbaḥ,"iššay, uḏ iššay, walu","gone, finished; I don't have it (any more)",Morocco,v,Amazigh (Berber),Senhaja,Ketama,
bbaḥ,,"gone, finished; I don't have it (any more)",Morocco,v,Amazigh (Berber),Senhaja,Mezduy,
bbaḥ,"i-ruḥ, walu","gone, finished; I don't have it (any more)",Morocco,v,Amazigh (Berber),Tarifiyt,Tuzin,"i-ruḥ 'it's gone', walu, wa ḏa ša ‘nothing here’, wa ḏin ša 'nothing there'; opposite of: ḏin 'there is'"
bbaḥ,,"gone, finished; I don't have it (any more)",Morocco,v,Amazigh (Berber),Senhaja,Zerqet,
dadas,žeddi,grandfather,Morocco,n,Amazigh (Berber),Tarifiyt,Tuzin,
"zeddu, zeddi",žeddi,grandfather,Morocco,n,Semitic,Arabic,Ketama Arabic,
žeddis,žeddi,grandfather,Morocco,n,Amazigh (Berber),Tarifiyt,Iqeraiyen,
žeddis,žeddi,grandfather,Morocco,n,Amazigh (Berber),Tarifiyt,Said,
žiži,židi,grandfather,Morocco,n,Amazigh (Berber),Senhaja,Ketama,
ḥennas,ḥenna,grandmother,Morocco,n,Amazigh (Berber),Tarifiyt,Iqeraiyen,
ḥennas,ḥenna,grandmother,Morocco,n,Amazigh (Berber),Tarifiyt,Said,
mamma,žida,grandmother,Morocco,n,Amazigh (Berber),Senhaja,Ketama,
mamma,,grandmother,Morocco,n,Amazigh (Berber),Senhaja,Mezduy,
nana,žida,grandmother,Morocco,n,Amazigh (Berber),Tarifiyt,Tuzin,
ziza,žiža,grandmother,Morocco,n,Semitic,Arabic,Ketama Arabic,
žiža,žiža,grandmother,Morocco,n,Semitic,Arabic,Ketama Arabic,
žiža,žida,grandmother,Morocco,n,Amazigh (Berber),Senhaja,Ketama,
beddaḥ(a),afus,"hand(s), arm(s)",Morocco,n,Amazigh (Berber),Senhaja,Ketama,"afus, PL ifassen; (ṯ)iġerraḓ 'arm' "
sasaḥ,fus,"hand(s), arm(s)",Morocco,n,Amazigh (Berber),Tarifiyt,Tuzin,"fus, PL ifassen; iġadžen (iġallen in Kebdana) / ṯaġṛuṭṭ 'arm/shoulder'"
sassaḥ,,"hand(s), arm(s)",Morocco,n,Amazigh (Berber),Senhaja,Mezduy,
sassaḥ,"fus,","hand(s), arm(s)",Morocco,n,Amazigh (Berber),Tarifiyt,Iqeraiyen,"fus, PL ifassen"
sassaḥ,fus,"hand(s), arm(s)",Morocco,n,Amazigh (Berber),Tarifiyt,Said,"fus, PL ifassen"
sassaḥ,,"hand(s), arm(s)",Morocco,n,Amazigh (Berber),Senhaja,Zerqet,
dadda,,hit,Morocco,n,Semitic,Arabic,Ketama Arabic,
"taḥ, taḥḥa, tataḥ, taḥtaḥ",,hit,Morocco,n/v,Amazigh (Berber),Tarifiyt,Tuzin,
"taḥ, taḥḥa, taṭaḥ, taḥtaḥ",,hit,Morocco,n/v,Semitic,Arabic,Ketama Arabic,
"taḥ, taḥḥa, taṭaḥ, taḥtaḥ",wweṯ,hit,Morocco,n/v,Amazigh (Berber),Senhaja,Ketama,"wweṯ! ‘hit’, wṯ=iṯ ‘hit him!', sql=iṯ ‘slap him’, terš=iṯ ‘slap him!’; seffaq! ‘clap!’"
"taḥ, taḥḥa, taṭaḥ, taḥtaḥ",,hit,Morocco,n/v,Amazigh (Berber),Senhaja,Mezduy,
"taḥ, taḥḥa, taṭaḥ, taḥtaḥ",seqqer!,hit,Morocco,n/v,Amazigh (Berber),Tarifiyt,Iqeraiyen,
"taḥ, taḥḥa, taṭaḥ, taḥtaḥ","seqqer, wweṯ",hit,Morocco,n/v,Amazigh (Berber),Tarifiyt,Tuzin,"seqqer! ‘hit!’, seqqr=iṯ ‘hit him!’; wweṯ=iṯ ‘hit him!’; smedda(r)ḓa(r)! ‘smash/hit strongly’ (factitive derived from ameddarḓar ‘slap’)"
"taḥ, taḥḥa, taṭaḥ, taḥtaḥ",,hit,Morocco,n/v,Amazigh (Berber),Senhaja,Zerqet,
mmaḥ,"(ṯ)imssi, iḥma ","hot, fire",Morocco,v (quality),Amazigh (Berber),Senhaja,Ketama,"(ṯ)imssi ‘fire’, i-ḥma ‘it is hot’"
diddi,,"hurt, pain",Morocco,n,Semitic,Arabic,Ketama Arabic,
diddi,aḥḥ,"hurt, pain",Morocco,n,Amazigh (Berber),Senhaja,Ketama,aḥḥ 'oh' (exclamation)
diddi,,"hurt, pain",Morocco,n,Amazigh (Berber),Senhaja,Mezduy,
diddi,aḥḥ,"hurt, pain",Morocco,n,Amazigh (Berber),Tarifiyt,Iqeraiyen,
diddi,aḥḥ ,"hurt, pain",Morocco,n,Amazigh (Berber),Tarifiyt,Tuzin,aḥḥ 'oh' (exclamation)
diddi,,"hurt, pain",Morocco,n,Amazigh (Berber),Senhaja,Zerqet,aḥḥ 'oh' (exclamation)
diddiḥ,aḥḥ,"hurt, pain",Morocco,n,Amazigh (Berber),Tarifiyt,Said,aḥḥ 'oh' (exclamation)
quqquɛ,aqquɛ,"insect(s), beatle, etc.",Morocco,n,Amazigh (Berber),Tarifiyt,Tuzin,"aqquɛ, PL iqquɛen ‘insects’; also abeɛɛuš 'insect' (Iqerien); izi ‘fly’; ṯiziṯ ‘mosquito’"
xuxxu,axxuy ,"insect(s), beatle, fly, etc.",Morocco,n,Amazigh (Berber),Senhaja,Ketama,axxuy 'insects'
xuxxu,,"insect(s), dirty; danger",Morocco,n,Amazigh (Berber),Tarifiyt,Said,"interj. ayyaw 'be careful!' (CDS/ADS), in Said: ayyaw or ayyaḇ; ṯamza 'ogress'; bu kebbas 'night-mare' (jinn)"
xuxxu,,"insect(s), dirty; danger",Morocco,n,Amazigh (Berber),Tarifiyt,Tuzin,"interj. ayyaw 'be careful!' (CDS/ADS), in Said: ayyaw or ayyaḇ; ṯamza 'ogress'; bu kebbas 'night-mare' (jinn)"
baḥḥa,(ṯ)amḥḥišṯ,kiss,Morocco,n,Amazigh (Berber),Senhaja,Ketama,"(ṯ)amḥḥišṯ (< ṯamḥḥiyṯ? not used; rarely -št) /(ṯ)abḥḥišṯ (not a commonly used/ “proper” word, not used with parents); (ṯ)amaḥḥat, (ṯ)abaḥḥat"
beḥḥa,ṯaqemmunt ,kiss,Morocco,n,Amazigh (Berber),Tarifiyt,Tuzin,"ṯaqemmunt (not used with parents because of respect, a “taboo” word); ṯabeḥḥat (used with older children, not babies); seǧem (v) 'to kiss', 'greet' in general (esp. in Ayt Waryaghel; <darija sellem ‘to greet’); suḏem ‘to kiss’ (on the cheeks)"
beḥḥa,,kiss,Morocco,n,Amazigh (Berber),Senhaja,Zerqet,
bizu,,kiss,Morocco,n,Amazigh (Berber),Tarifiyt,Iqeraiyen,
bizu,,kiss,Morocco,n,Amazigh (Berber),Senhaja,Zerqet,
maḥḥ,(ṯ)amḥḥišṯ,kiss,Morocco,n,Amazigh (Berber),Senhaja,Ketama,"(ṯ)amḥḥišṯ (< ṯamḥḥiyṯ? not used; rarely -št) /(ṯ)abḥḥišṯ (not a commonly used/ “proper” word, not used with parents); (ṯ)amaḥḥat, (ṯ)abaḥḥat"
maḥḥa,(ṯ)amḥḥišṯ,kiss,Morocco,n,Amazigh (Berber),Senhaja,Ketama,"(ṯ)amḥḥišṯ (< ṯamḥḥiyṯ? not used; rarely -št) /(ṯ)abḥḥišṯ (not a commonly used/ “proper” word, not used with parents); (ṯ)amaḥḥat, (ṯ)abaḥḥat"
maḥḥa,taqemmunt,kiss,Morocco,n,Amazigh (Berber),Tarifiyt,Iqeraiyen,
mmaḥ,,kiss,Morocco,n,Semitic,Arabic,Ketama Arabic,
"mmaḥ, mmʷaḥ, mmwaḥ",,kiss,Morocco,n,Amazigh (Berber),Senhaja,Zerqet,
mmaḥa,,kiss,Morocco,n,Semitic,Arabic,Ketama Arabic,
"mmʷaḥ, mmwaḥ, mmaḥ",ṯaqemmunt ,kiss,Morocco,n,Amazigh (Berber),Tarifiyt,Tuzin,"ṯaqemmunt (not used with parents because of respect, a “taboo” word); ṯabeḥḥat (used with older children, not babies); seǧem (v) 'to kiss', 'greet' in general (esp. in Ayt Waryaghel; <darija sellem ‘to greet’); suḏem ‘to kiss’ (on the cheeks)"
ṯabeḥḥat,taqemmunt,kiss,Morocco,n,Amazigh (Berber),Tarifiyt,Tuzin,
ṯabeḥḥat,,kiss,Morocco,n,Amazigh (Berber),Senhaja,Zerqet,
tamaḥḥat,taqemmunt,kiss,Morocco,n,Amazigh (Berber),Tarifiyt,Iqeraiyen,
uwwa,,kiss,Morocco,n,Semitic,Arabic,Ketama Arabic,
ngeġġa,,"laugh/smile ~ said to the baby to make him smile/laugh (the baby cannot talk yet) when you play with it; ""cute""",Morocco,interj,Amazigh (Berber),Senhaja,Ketama,
ngeġġa,,"laugh/smile ~ said to the baby to make him smile/laugh (the baby cannot talk yet) when you play with it; ""cute""",Morocco,interj,Amazigh (Berber),Tarifiyt,Iqeraiyen,
ngeġġa,,"laugh/smile ~ said to the baby to make him smile/laugh (the baby cannot talk yet) when you play with it; ""cute""",Morocco,interj,Amazigh (Berber),Tarifiyt,Tuzin,
ngeġġa,,"laugh/smile ~ said to the baby to make him smile/laugh (the baby cannot talk yet) when you play with it; ""cute""",Morocco,interj,Amazigh (Berber),Senhaja,Zerqet,
lalaɛ,ḓar,"leg(s), foot/feet",Morocco,n,Amazigh (Berber),Tarifiyt,Iqeraiyen,"ḓar, PL iḓaren"
lalaɛ,ḓar,"leg(s), foot/feet",Morocco,n,Amazigh (Berber),Tarifiyt,Said,"ḓar, PL iḓaren"
lalaḥ,ḓar,"leg(s), foot/feet",Morocco,n,Amazigh (Berber),Tarifiyt,Iqeraiyen,"ḓar, PL iḓaren"
lalaḥ,ḓar,"leg(s), foot/feet",Morocco,n,Amazigh (Berber),Tarifiyt,Tuzin,"ḓar, PL iḓaren"
lallaḥ,aḓar,"leg(s), foot/feet",Morocco,n,Amazigh (Berber),Senhaja,Ketama,"aḓar, PL iḓaren"
lallaš,,"leg(s), foot/feet",Morocco,n,Semitic,Arabic,Ketama Arabic,
lallaš,ḓar,"leg(s), foot/feet",Morocco,n,Amazigh (Berber),Senhaja,Ketama,"aḓar, PL iḓaren"
lallaš,,"leg(s), foot/feet",Morocco,n,Amazigh (Berber),Senhaja,Zerqet,
qžižžiḥ,aysum,meat,Morocco,n,Amazigh (Berber),Tarifiyt,Tuzin,
titti,lḥam,meat,Morocco,n,Amazigh (Berber),Senhaja,Ketama,
tuttu,,meat,Morocco,n,Amazigh (Berber),Senhaja,Zerqet,
žižži,aysum,meat,Morocco,n,Amazigh (Berber),Tarifiyt,Tuzin,
žižžiḥ,aysum,meat,Morocco,n,Amazigh (Berber),Tarifiyt,Iqeraiyen,
ḥuḥḥu,ašffay,"milk, butter-milk",Morocco,n,Amazigh (Berber),Tarifiyt,Iqeraiyen,"ašffay (Midar, Ayt Tuzin); aġi 'milk' (Iqeraiyen), aġi asemmam 'butter-milk'"
ḥuḥḥu,ašffay,"milk, butter-milk",Morocco,n,Amazigh (Berber),Tarifiyt,Said,"ašffay (Midar, Ayt Tuzin); aġi 'milk' (Iqeraiyen), aġi asemmam 'butter-milk'"
buɛerras,,monster who will cut your fingers if you eat wall-nut before it gets ripe,Morocco,n,Amazigh (Berber),Senhaja,Ketama,
mamas,yemma,mother,Morocco,n,Amazigh (Berber),Tarifiyt,Tuzin,
mamma,yemma,mother,Morocco,n,Semitic,Arabic,Ketama Arabic,
mamma,imma,mother,Morocco,n,Amazigh (Berber),Senhaja,Ketama,
mimmi(š),imi,mouth,Morocco,n,Amazigh (Berber),Senhaja,Ketama,
mimmi(š),,mouth,Morocco,n,Amazigh (Berber),Senhaja,Zerqet,
qemmuš,"aqemmum, imi",mouth,Morocco,n,Amazigh (Berber),Tarifiyt,Iqeraiyen,
qemmuš,"aqemmum, imi",mouth,Morocco,n,Amazigh (Berber),Tarifiyt,Said,"aqemmum, imi; taqemmunt 1) DIM 2) a kiss; anšušen ‘lips’"
qemmut,"aqemmum, imi",mouth,Morocco,n,Amazigh (Berber),Tarifiyt,Said,
babbaḥ,iziḓ ,"nice, good, tasty",Morocco,v (quality),Amazigh (Berber),Tarifiyt,Iqeraiyen,i-ziḓ ‘it is tasty’
bbaḥḥ,iziḓ ,"nice, good, tasty",Morocco,v (quality),Amazigh (Berber),Tarifiyt,Iqeraiyen,i-ziḓ ‘it is tasty’
bbaḥḥ,iziḓ ,"nice, good, tasty",Morocco,v (quality),Amazigh (Berber),Tarifiyt,Tuzin,i-ziḓ ‘it is tasty’
bbuḥ,,"nice, good, tasty",Morocco,v (quality),Semitic,Arabic,Ketama Arabic,
bbuḥ,"iṣḇaḥ, mezyan ","nice, good, tasty",Morocco,v (quality),Amazigh (Berber),Senhaja,Ketama,"i-ṣḇaḥ 'it's tasty, nice', mezyan 'good'"
aḥḥ,iḥma,oh (warning),Morocco,interj,Amazigh (Berber),Tarifiyt,Said,iḥma! 'hot!'
aḥḥ,,oh (warning),Morocco,interj,Amazigh (Berber),Senhaja,Zerqet,
aḥḥ,"(ṯ)imssi, i-ḥma","oh, warning",Morocco,interj,Amazigh (Berber),Senhaja,Ketama,"ṯimssi ‘fire’, i-ḥma ‘it is hot’"
aḥḥ,aḥḥ ,"oh, warning",Morocco,interj,Amazigh (Berber),Tarifiyt,Tuzin,
bšša,,pee,Morocco,v/n,Semitic,Arabic,Ketama Arabic,
bšša,ḇešš,pee,Morocco,v/n,Amazigh (Berber),Tarifiyt,Iqeraiyen,
bšša,,pee,Morocco,v/n,Amazigh (Berber),Senhaja,Zerqet,
pippi,ḇešš,pee,Morocco,v/n,Amazigh (Berber),Tarifiyt,Tuzin,
pšša,"bẓeḓ, ibeẓẓaḓen ",pee,Morocco,v/n,Amazigh (Berber),Senhaja,Ketama,"bẓeḓ (v), ibeẓẓaḓen PL (n)"
pšša,ḇešš,pee,Morocco,v/n,Amazigh (Berber),Tarifiyt,Tuzin,
bžža,"bẓeḓ, ibeẓẓaḓen ",pee ,Morocco,v/n,Amazigh (Berber),Senhaja,Ketama,"bẓeḓ (v), ibeẓẓaḓen PL (n)"
daddaɛ,,piggyback (carry on back),Morocco,v/n,Semitic,Arabic,Ketama Arabic,
daddaɛ,,piggyback (carry on back),Morocco,v/n,Amazigh (Berber),Senhaja,Mezduy,
kakaḥ,,poop,Morocco,v/n,Amazigh (Berber),Senhaja,Mezduy,
kakka,wā yeḥri,"poop, dirty",Morocco,v/n,Amazigh (Berber),Tarifiyt,Said,
kakkaḥ,,"poop, dirty",Morocco,v/n,Amazigh (Berber),Senhaja,Zerqet,
qaqa,iẓẓan,"poop, dirty",Morocco,n,Amazigh (Berber),Tarifiyt,Tuzin,wā yeḥri 'dirty' (lit. 'not good'); iẓẓan 'shit'
qaqqa,"bāḓ, iẓẓan ","poop, dirty",Morocco,n,Amazigh (Berber),Tarifiyt,Tuzin,bāḓ (< breḓ) ‘to poo’; iẓẓan ‘shit’
qaqqaḥ,"bāḓ, iẓẓan ","poop, dirty",Morocco,n,Amazigh (Berber),Tarifiyt,Tuzin,bāḓ (< breḓ) ‘to poo’; iẓẓan ‘shit’
baɛɛ,udži,"sheep, goat",Morocco,n,Amazigh (Berber),Tarifiyt,Iqeraiyen,"udži, PL iḥuriyen"
baɛɛ,udži,"sheep, goat",Morocco,n,Amazigh (Berber),Tarifiyt,Tuzin,"udži, PL ibeɛɛašen (not used in Iqeraiyen); aḥuři/išarri"
baɛɛa,abeɛɛaš,"sheep, goat",Morocco,n,Amazigh (Berber),Senhaja,Ketama,"abeɛɛaš (M), ibeɛɛašen (PL) 'sheep'; (ṯ)aġaṭṭ 'goat'"
baɛɛa(š),,"sheep, goat",Morocco,n,Semitic,Arabic,Ketama Arabic,
baɛɛa(š),,"sheep, goat",Morocco,n,Amazigh (Berber),Senhaja,Mezduy,
baɛɛa(š),,"sheep, goat",Morocco,n,Amazigh (Berber),Senhaja,Zerqet,
ibeɛɛšen,udži,"sheep, goat",Morocco,n,Amazigh (Berber),Tarifiyt,Tuzin,"udži, aḥuři/išarri"
babbaṭ,,shoes,Morocco,n,Amazigh (Berber),Senhaja,Zerqet,
babbay,ṣṣḇayaḓ ,shoes,Morocco,n,Amazigh (Berber),Senhaja,Ketama,"ṣṣḇayaḓ (always PL) = irekkasen, SG arkkas (old word, rare)"
bibbiṭ,,shoes,Morocco,n,Semitic,Arabic,Ketama Arabic,
šašša,aha(r)kus ,shoes,Morocco,n,Amazigh (Berber),Tarifiyt,Iqeraiyen,aha(r)kus SG; iha(r)kusen PL
"šššš, ssssss, ššššt, sssst",,"shut up, be quiet",Morocco,interj,Semitic,Arabic,Ketama Arabic,
"šššš, ssssss, ššššt, sssst","skuṯ, sset","shut up, be quiet",Morocco,interj,Amazigh (Berber),Senhaja,Ketama,"skuṯ, sset, PL sst-aṯ!"
"šššš, ssssss, ššššt, sssst",,"shut up, be quiet",Morocco,interj,Amazigh (Berber),Senhaja,Mezduy,
"šššš, ssssss, ššššt, sssst",,"shut up, be quiet",Morocco,interj,Amazigh (Berber),Senhaja,Zerqet,
"ššššt, sssst, šššš, ssssss",sqa(r),"shut up, be quiet",Morocco,interj,Amazigh (Berber),Tarifiyt,Iqeraiyen,"sqa(r)! (usual) sseġḓ (strong/Ayt Waryaghel), šššt (interj.)"
"ššššt, sssst, šššš, ssssss",sqa(r),"shut up, be quiet",Morocco,interj,Amazigh (Berber),Tarifiyt,Tuzin,"sqa(r)! (usual) sseġḓ (strong/Ayt Waryaghel), šššt (interj.)"
čaččaḥ,skurrem,sit down,Morocco,v,Amazigh (Berber),Senhaja,Ketama,
čaččaḥ,,sit down,Morocco,v,Amazigh (Berber),Senhaja,Zerqet,
čiči,,sit down,Morocco,v,Semitic,Arabic,Ketama Arabic,
čiči,skurrem,sit down,Morocco,v,Amazigh (Berber),Senhaja,Ketama,
qemmaš,qqim,sit down,Morocco,v,Amazigh (Berber),Tarifiyt,Iqeraiyen,
qemmaš,qqim,sit down,Morocco,v,Amazigh (Berber),Tarifiyt,Tuzin,
tataḥ,,sit down,Morocco,v,Semitic,Arabic,Ketama Arabic,
tataḥ,,sit down,Morocco,v,Amazigh (Berber),Senhaja,Mezduy,
titti,,sit down,Morocco,v,Semitic,Arabic,Ketama Arabic,
titti,,sit down,Morocco,v,Amazigh (Berber),Senhaja,Mezduy,
ččux,,slaughter,Morocco,v,Semitic,Arabic,Ketama Arabic,
ǧǧux,,slaughter,Morocco,v,Amazigh (Berber),Senhaja,Zerqet,
ččuḥ,ṭṭes,sleep,Morocco,v,Amazigh (Berber),Senhaja,Ketama,
ččuḥ(a),,sleep,Morocco,v,Semitic,Arabic,Ketama Arabic,
ččux,ṭṭes,sleep,Morocco,v,Amazigh (Berber),Senhaja,Ketama,
ninni,,sleep,Morocco,v,Semitic,Arabic,Ketama Arabic,
ninni,,sleep,Morocco,v,Amazigh (Berber),Senhaja,Mezduy,
ninni,,sleep,Morocco,v,Amazigh (Berber),Senhaja,Zerqet,
ttuḥ,ṭṭes,sleep,Morocco,v,Amazigh (Berber),Senhaja,Ketama,
xxuš,,sleep,Morocco,v,Amazigh (Berber),Senhaja,Mezduy,
xxuš,ṭṭes,sleep,Morocco,v,Amazigh (Berber),Tarifiyt,Iqeraiyen,
xxuš,ṭṭes,sleep,Morocco,v,Amazigh (Berber),Tarifiyt,Tuzin,
xxuš,,sleep,Morocco,v,Amazigh (Berber),Senhaja,Zerqet,
ɛa menni,,"stop, leave me alone/ in peace, enough!",Morocco,phrase,Semitic,Arabic,Ketama Arabic,
mummu,(a)beṛṛani,stranger,Morocco,n,Amazigh (Berber),Senhaja,Ketama,
mummu,abaṛṛani,stranger,Morocco,n,Amazigh (Berber),Tarifiyt,Iqeraiyen,
mummu,abaṛṛani,stranger,Morocco,n,Amazigh (Berber),Tarifiyt,Said,
mummu,abaṛṛani,stranger,Morocco,n,Amazigh (Berber),Tarifiyt,Tuzin,
ḥellaw,,"sweet(s), cake(s)",Morocco,n,Semitic,Arabic,Ketama Arabic,
ḥellaw,,"sweet(s), cake(s)",Morocco,n,Amazigh (Berber),Senhaja,Mezduy,
ḥellu,ḥelwa ,"sweet(s), cake(s)",Morocco,n,Amazigh (Berber),Senhaja,Ketama,"ḥelwa ‘sweets’, čikli ‘chewing-gum’; disir, fawakih (fusḥa) 'fruit' (no term in Ketama)"
ḥellu,,"sweet(s), cake(s)",Morocco,n,Amazigh (Berber),Senhaja,Mezduy,
qaqqa,ḥalawa,"sweet(s), cake(s); fruit, dessert, delicious",Morocco,n,Amazigh (Berber),Tarifiyt,Iqeraiyen,ḥalawa 'sweets' (Midar); ḥalawit (Iqeraiyen); čikli 'chewing-gum'; rxuḓāṯ ‘fruit'
qaqqa,iziḓ ,"sweet(s), cake(s); fruit, dessert, delicious",Morocco,n,Amazigh (Berber),Tarifiyt,Tuzin,i-ziḓ ‘it is tasty’
qaqqa,ḥalawa,"sweet(s), cake(s); fruit, dessert, delicious",Morocco,n,Amazigh (Berber),Tarifiyt,Tuzin,ḥalawa 'sweets' (Midar); ḥalawit (Iqeraiyen); čikli 'chewing-gum'; rxuḓāṯ ‘fruit'
qaqqa,,"sweet(s), cake(s); fruit, dessert,...",Morocco,n,Semitic,Arabic,Ketama Arabic,
qaqqa,rxuḓāṯ ,"sweet(s), cake(s); fruit, dessert,...",Morocco,n,Amazigh (Berber),Tarifiyt,Tuzin,rxuḓāṯ (same as 'vegetables')
"ǧuǧu, žužžu",(ṯ)anwarṯ,"toy, nice beautiful object",Morocco,n,Amazigh (Berber),Senhaja,Ketama,"(ṯ)anwarṯ, PL nnuwwar/ nnwar ‘flower’; luɛba, aqežqul (SG, rare, more often used in PL) > žqaqel ‘toys’ (always PL; anything you can play with); munika (PL munikaṯ) 'doll'; ttrimbu (always SG) 'top'"
"ǧuǧu, žužžu",,"toy, nice beautiful object",Morocco,n,Amazigh (Berber),Senhaja,Mezduy,
lullu,(ṯ)anwarṯ,"toy, nice beautiful object",Morocco,n,Amazigh (Berber),Senhaja,Ketama,"(ṯ)anwarṯ, PL nnuwwar/ nnwar ‘flower’; luɛba, aqežqul (SG, rare, more often used in PL) > žqaqel ‘toys’ (always PL; anything you can play with); munika (PL munikaṯ) 'doll'; ttrimbu (always SG) 'top'"
lullu,leɛḇa(ṯ),"toy, nice beautiful object",Morocco,n,Amazigh (Berber),Tarifiyt,Said,"leɛḇa(ṯ) 'toy(s)', munika 'doll'; ttrimbu 'top'; ṯanwa(r)ṯ ‘flower’, PL nnwa(r)"
lullu,leɛḇa(ṯ) ,"toy, nice beautiful object",Morocco,n,Amazigh (Berber),Tarifiyt,Tuzin,"leɛḇa(ṯ) 'toy(s)', iqšuɛen (always PL); munika 'doll', PL imunikaṯen; ttrimbu 'top'; ṯanwa(r)ṯ ‘flower’, PL nnwa(r)"
lulluš,leɛḇa(ṯ) ,"toy, nice beautiful object",Morocco,n,Amazigh (Berber),Tarifiyt,Iqeraiyen,"leɛḇa(ṯ) 'toy(s)'; munika 'doll', PL muniku(ṯ); ttrimbu 'top'; ṯanwwa(r)ṯ ‘flower’, PL ṯanewwašṯ or (coll.) nnwa(r) or nnwaš"
ṯlullušt,leɛḇa(ṯ),"toy, nice beautiful object",Morocco,n,Amazigh (Berber),Tarifiyt,Iqeraiyen,"leɛḇa(ṯ) 'toy(s)'; munika 'doll', PL muniku(ṯ); ttrimbu 'top'; ṯanwwa(r)ṯ ‘flower’, PL ṯanewwašṯ or (coll.) nnwa(r) or nnwaš"
ṯlullušt,leɛḇa(ṯ),"toy, nice beautiful object",Morocco,n,Amazigh (Berber),Tarifiyt,Said,"leɛḇa(ṯ) 'toy(s)', munika 'doll'; ttrimbu 'top'; ṯanwa(r)ṯ ‘flower’, PL nnwa(r)"
xalu,xal-,uncle (maternal),Morocco,n,Semitic,Arabic,Ketama Arabic,
ɛemmu,ɛemm-,uncle (paternal),Morocco,n,Semitic,Arabic,Ketama Arabic,
titit,,"vehicle, beep",Morocco,n,Semitic,Arabic,Ketama Arabic,
titit,,"vehicle, beep",Morocco,n,Amazigh (Berber),Senhaja,Mezduy,
titit,tunuḇin,"vehicle, beep",Morocco,n,Amazigh (Berber),Tarifiyt,Tuzin,tunuḇin 'car'; muṭu(r) 'motorbike'; bašklit 'bicycle'; mašina 'train'; ṭuḇis 'bus'; lkar 'bus (from one city to another)'; tram ‘tram’
titit,ṭunubil,"vehicle, beep ",Morocco,n,Amazigh (Berber),Senhaja,Ketama,"ṭunubil 'car', lmašina 'train', lmuṭuṛ 'motorbike', bišklit 'bike'; ṭubis 'bus', lkaṛ 'bus from city to city'"
pipip,ṭunubil,"vehicle, beep beep",Morocco,n,Amazigh (Berber),Senhaja,Ketama,"ṭunubil 'car', lmašina 'train', lmuṭuṛ 'motorbike', bišklit 'bike'; ṭubis 'bus', lkaṛ 'bus from city to city'"
pipip,,"vehicle, beep beep",Morocco,n,Amazigh (Berber),Senhaja,Mezduy,ṭunuḇin 'car'
pipip,ṭunuḇin,"vehicle, beep beep",Morocco,n,Amazigh (Berber),Tarifiyt,Iqeraiyen,"tunuḇin 'car'; muṭu(r) 'motorbike'; 
 bašklit 'bicycle'; mašina 'train'; ṭuḇis 'bus'; lkar 'bus (from one city to another)'; tram ‘tram’"
pipip,tunuḇin,"vehicle, beep beep",Morocco,n,Amazigh (Berber),Tarifiyt,Tuzin,"ṭunubil 'car', lmašina 'train', lmuṭuṛ 'motorbike', bišklit 'bike'; ṭubis 'bus', lkaṛ 'bus from city to city'"
pipip,,"vehicle, beep beep",Morocco,n,Amazigh (Berber),Senhaja,Zerqet,ṭunuḇin 'car'
ɛanɛan,,"vehicle, motor",Morocco,n,Semitic,Arabic,Ketama Arabic,"tunuḇin 'car'; muṭu(r) 'motorbike'; 
 bašklit 'bicycle'; mašina 'train'; ṭuḇis 'bus'; lkar 'bus (from one city to another)'; tram ‘tram’"
ɛanɛan,ṭunubil,"vehicle, motor",Morocco,n,Amazigh (Berber),Senhaja,Ketama,
ɛanɛan,,"vehicle, motor",Morocco,n,Amazigh (Berber),Senhaja,Mezduy,
ɛanɛan,ṭunuḇin,"vehicle, motor",Morocco,n,Amazigh (Berber),Tarifiyt,Iqeraiyen,ṭunuḇin 'car'
ɛanɛan,tunuḇin ,"vehicle, motor",Morocco,n,Amazigh (Berber),Tarifiyt,Tuzin,"tunuḇin 'car'; muṭu(r) 'motorbike'; 
 bašklit 'bicycle'; mašina 'train'; ṭuḇis 'bus'; lkar 'bus (from one city to another)'; tram ‘tram’"
ɛanɛan,,"vehicle, motor",Morocco,n,Amazigh (Berber),Senhaja,Zerqet,
daddaš,,walk,Morocco,v,Semitic,Arabic,Ketama Arabic,
daddaš,,walk,Morocco,v,Amazigh (Berber),Senhaja,Ketama,
daddaš,afus,walk,Morocco,v,Amazigh (Berber),Senhaja,Ketama,"afus, PL ifassen; (ṯ)iġerraḓ 'arm' (no BT term)"
daddaš,,walk,Morocco,v,Amazigh (Berber),Senhaja,Zerqet,
daddaš ,,walk,Morocco,v,Amazigh (Berber),Tarifiyt,Said,
daddaš ,ṯišři,walk,Morocco,v,Amazigh (Berber),Tarifiyt,Tuzin,"ṯišři ‘walk’; raḥ ‘go!’ M/F,  araḥi=d/ as=d ‘come (to me)’/ as=d ġar-i (ġur-i?) ‘come to me’; azzeř ‘run’, 
 ffeġ ‘go out!’ (rude); mureḏ 'crawl'; i-ț-muruḏ ‘he crawls’ (IMPF)"
dadduš,,walk,Morocco,v,Semitic,Arabic,Ketama Arabic,
dadduš,,walk,Morocco,v,Amazigh (Berber),Senhaja,Mezduy,
bubu,"aman, su",water; to drink,Morocco,n,Amazigh (Berber),Senhaja,Mezduy,aman 'water'; su! 'drink!'
mbvva,l-ma,water; to drink,Morocco,n,Semitic,Arabic,Ketama Arabic,
mbvva,"aman, su",water; to drink,Morocco,n,Amazigh (Berber),Senhaja,Ketama,aman 'water'; su! 'drink!'
mbvva,"aman, su",water; to drink,Morocco,n,Amazigh (Berber),Senhaja,Mezduy,
mbvva,"aman, su",water; to drink,Morocco,n,Amazigh (Berber),Tarifiyt,Iqeraiyen,
mbvva,"aman, su",water; to drink,Morocco,n,Amazigh (Berber),Tarifiyt,Tuzin,aman 'water'; su! 'drink!'
mbvva,"aman, su",water; to drink,Morocco,n,Amazigh (Berber),Senhaja,Zerqet,aman 'water'; su! 'drink!'