CDS (Child-directed speech),ADS (adult-directed speech),English,Country,PoS (Part of Speech),Language branch,Language (group),Variety/Dialect
xaltu,xalt-,aunt (maternal),Morocco,n,Semitic,Arabic,Ketama Arabic
ɛemtu,ɛemt-,aunt (paternal),Morocco,n,Semitic,Arabic,Ketama Arabic
bezzi,"rebbu ‘baby’ 
 asegmi (Zerqet) ‘toddler’",baby,Morocco,n,Amazigh (Berber),Senhaja,Ketama
ḇiḇiḥ,"aḥḓiḓ ‘baby’;
 asyimi ‘toddler’",baby,Morocco,n,Amazigh (Berber),Tarifiyt,Iqeraiyen
ḇiḇiḥ,"aḥḓiḓ ‘baby’;
 asyimi ‘toddler’",baby,Morocco,n,Amazigh (Berber),Tarifiyt,Said
ḇiḇiḥ,"aḥḓiḓ ‘baby’;
 asyimi ‘toddler’",baby,Morocco,n,Amazigh (Berber),Tarifiyt,Tuzin
mummu,,baby,Morocco,n,Semitic,Arabic,Ketama Arabic
ɛeddis,ṯaɛeddist,belly,Morocco,n,Amazigh (Berber),Tarifiyt,Iqeraiyen
ɛeddis,ṯaɛeddist,belly,Morocco,n,Amazigh (Berber),Senhaja,Zerqet
"ṯaḥebbuṭ, aḥebbuḓ",ṯaɛeddist,belly,Morocco,n,Amazigh (Berber),Senhaja,Zerqet
ṯašiḇut,ṯaɛeddist,belly,Morocco,n,Amazigh (Berber),Tarifiyt,Said
ṯašiḇut,ṯaɛeddist,belly,Morocco,n,Amazigh (Berber),Senhaja,Zerqet
čawčaw,"aḥemmir ‘bird’,
 aṯbir 'dove' (Senhaja), aḥmam (Ketama), aṯar 'wild pigeon' (Ketama), sununu ‘sparrow’","bird(s), chicken",Morocco,n,Amazigh (Berber),Senhaja,Ketama
čawčaw,,"bird(s), chicken",Morocco,n,Amazigh (Berber),Senhaja,Zerqet
čiwčiw,"aḥemmir ‘bird’,
 aṯbir 'dove' (Senhaja), aḥmam (Ketama), aṯar 'wild pigeon' (Ketama), sununu ‘sparrow’","bird(s), chicken",Morocco,n,Amazigh (Berber),Senhaja,Ketama
čiwčiw,,"bird(s), chicken",Morocco,n,Amazigh (Berber),Senhaja,Mezduy
čiwčiw,ažḓiḓ/ažḓeḓ 'bird'; ṯifridžas ‘sparrow’; aḏḇyā 'dove',"bird(s), chicken",Morocco,n,Amazigh (Berber),Tarifiyt,Tuzin
čiwčiw,,"bird(s), chicken",Morocco,n,Amazigh (Berber),Senhaja,Zerqet
šawšaw,,"bird(s), chicken",Morocco,n,Semitic,Arabic,Ketama Arabic
šawšaw,,"bird(s), chicken",Morocco,n,Amazigh (Berber),Senhaja,Mezduy
štiti,ažḓiḓ,"bird(s), chicken",Morocco,n,Amazigh (Berber),Tarifiyt,Iqeraiyen
tiwtiw,,"bird(s), chicken",Morocco,n,Semitic,Arabic,Ketama Arabic
tiwtiw,"aḥemmir ‘bird’,
 aṯbir 'dove' (Senhaja), aḥmam (Ketama), aṯar 'wild pigeon' (Ketama), sununu ‘sparrow’","bird(s), chicken",Morocco,n,Amazigh (Berber),Senhaja,Ketama
tiwtiw,,"bird(s), chicken",Morocco,n,Amazigh (Berber),Senhaja,Mezduy
tiwtiw,,"bird(s), chicken",Morocco,n,Amazigh (Berber),Senhaja,Mezduy
tiwtiw,ažḓiḓ,"bird(s), chicken",Morocco,n,Amazigh (Berber),Tarifiyt,Said
tiwtiw,ažḓiḓ/ažḓeḓ 'bird'; ṯifridžas ‘sparrow’; aḏḇyā 'dove',"bird(s), chicken",Morocco,n,Amazigh (Berber),Tarifiyt,Tuzin
ṯququht,,"birds, hen, chicken",Morocco,n,Amazigh (Berber),Tarifiyt,Said
ququɛuɛɛu,,"birds: rooster, chicken",Morocco,n,Semitic,Arabic,Ketama Arabic
ququɛuɛɛu,"(ṯ)afulust ‘hen’,
 aɛttuq ‘cock’,
 abedžiw ‘chicken’","birds: rooster, chicken",Morocco,n,Amazigh (Berber),Senhaja,Ketama
ququɛuɛɛu,,"birds: rooster, chicken",Morocco,n,Amazigh (Berber),Senhaja,Mezduy
ququɛuɛɛu,"yaẓiḓ ‘cock’; ṯyaẓiṭṭ ‘hen’;
 fidžus ‘chicken’","birds: rooster, chicken",Morocco,n,Amazigh (Berber),Tarifiyt,Iqeraiyen
ququɛuɛɛu,"yaẓiḓ ‘cock’; ṯyaẓiṭṭ ‘hen’;
 fidžus ‘chicken’","birds: rooster, chicken",Morocco,n,Amazigh (Berber),Tarifiyt,Said
ququɛuɛɛu,"yaẓiḓ ‘cock’; ṯyaẓiṭṭ ‘hen’;
 fidžus ‘chicken’","birds: rooster, chicken",Morocco,n,Amazigh (Berber),Tarifiyt,Tuzin
ququɛuɛɛu,,"birds: rooster, chicken",Morocco,n,Amazigh (Berber),Senhaja,Zerqet
ṯbibit,paḇu,birds: turkey,Morocco,n,Amazigh (Berber),Tarifiyt,Said
ṯbibit,paḇu,birds: turkey,Morocco,n,Amazigh (Berber),Tarifiyt,Tuzin
pappa,"lxubz, aɣrum",bread,Morocco,n,Semitic,Arabic,Ketama Arabic
pappa,aġrum,bread,Morocco,n,Amazigh (Berber),Senhaja,Ketama
pappa,aɣrum,bread,Morocco,n,Amazigh (Berber),Senhaja,Mezduy
pappa,aġrum,bread,Morocco,n,Amazigh (Berber),Tarifiyt,Iqeraiyen
pappa,aġrum,bread,Morocco,n,Amazigh (Berber),Tarifiyt,Tuzin
pappaḥ,,bread,Morocco,n,Amazigh (Berber),Senhaja,Zerqet
bibbiš,,breast,Morocco,n,Amazigh (Berber),Senhaja,Zerqet
tatta,,breast,Morocco,n,Semitic,Arabic,Ketama Arabic
tatta,"(ṯ)iffat SG, (ṯ)iffatin PL ‘breast(s)’ 
 ṯabbišt, ṯibbišin (Talġunt, Sahhel)",breast,Morocco,n,Amazigh (Berber),Senhaja,Ketama
bibbiš,"abbiš, SG/DIM ṯabbišt, PL ibbaš",breast ,Morocco,n,Amazigh (Berber),Tarifiyt,Iqeraiyen
bibbiš,"abbiš, SG/DIM ṯabbišt, PL ibbaš;
 iff, PL iffan (more acceptable/ used in various contexts) ‘chest’;
 iḏmaren (pl.tant.) ‘chest’ (for men and women)",breast ,Morocco,n,Amazigh (Berber),Tarifiyt,Tuzin
bibbit,"abbiš, SG/DIM ṯabbišt, PL ibbaš",breast ,Morocco,n,Amazigh (Berber),Tarifiyt,Iqeraiyen
bibbit,"abbiš, SG/DIM ṯabbišt, PL ibbaš",breast ,Morocco,n,Amazigh (Berber),Tarifiyt,Said
tatta,"ašwwal (no F), aqellay (no F),
 amallay (no F; Ayt Ahmed);
 aḥṭuṭ (Ayt Bounsar),...; (ṯ)iffat SG, (ṯ)iffatin PL ‘breast(s)’ 
 ṯabbišt, ṯibbišin (Talġunt, Sahhel)","breast, genitals (male)",Morocco,n,Amazigh (Berber),Senhaja,Ketama
abi-d,awi-d,bring,Morocco,v,Amazigh (Berber),Senhaja,Ketama
abi(d),awi-d,bring,Morocco,v,Amazigh (Berber),Tarifiyt,Iqeraiyen
"kfuta, akeffut","axna, axžun",buttocks,Morocco,n,Amazigh (Berber),Senhaja,Ketama
nanna,"ṯaxna, axenwiw",buttocks,Morocco,n,Amazigh (Berber),Tarifiyt,Iqeraiyen
"qunnit, ṯqunnit","ṯaxna, axenwiw",buttocks,Morocco,n,Amazigh (Berber),Tarifiyt,Iqeraiyen
besbes,,cat,Morocco,n,Semitic,Arabic,Ketama Arabic
besbes,,cat,Morocco,n,Amazigh (Berber),Senhaja,Zerqet
bisbis,,cat,Morocco,n,Amazigh (Berber),Senhaja,Zerqet
meššu,mšiš,cat,Morocco,n,Amazigh (Berber),Senhaja,Ketama
meššu,,cat,Morocco,n,Amazigh (Berber),Senhaja,Zerqet
mmyaw-mmyaw,muš(š); amšiš (Al Hoceima/Ayt Waryaghel),cat,Morocco,n,Amazigh (Berber),Tarifiyt,Tuzin
mmyaw-mmyaw,,cat,Morocco,n,Amazigh (Berber),Senhaja,Zerqet
šebšeb,muš(š),cat,Morocco,n,Amazigh (Berber),Tarifiyt,Iqeraiyen
šibši,muš(š),cat,Morocco,n,Amazigh (Berber),Tarifiyt,Said
"ḥaḥḥa, ḥaḥa",,clothes,Morocco,n,Semitic,Arabic,Ketama Arabic
"ḥaḥḥa, ḥaḥa","ddrabel, lḥwayž ‘clothes’",clothes,Morocco,n,Amazigh (Berber),Senhaja,Ketama
"ḥaḥḥa, ḥaḥa",,clothes,Morocco,n,Amazigh (Berber),Senhaja,Mezduy
ḥebbu,aṛṛuḓ,clothes,Morocco,n,Amazigh (Berber),Tarifiyt,Iqeraiyen
ḥebbu,aṛṛuḓ,clothes,Morocco,n,Amazigh (Berber),Tarifiyt,Said
ḥebbut,aṛṛuḓ,clothes,Morocco,n,Amazigh (Berber),Tarifiyt,Said
abaḥ,"ddu; arwaḥ/adu (Talġunt); tmešša ‘walk’; azi (Ketama)/azzi (Snh.) ‘run’; azi-d aġuri ‘come/run to me!’;
 ffuġ ‘go out!’ (rude), sir ‘go’",come!,Morocco,v,Amazigh (Berber),Senhaja,Ketama
abaḥ,raḥ-id,come!,Morocco,v,Amazigh (Berber),Tarifiyt,Iqeraiyen
adu,"ddu; arwaḥ/adu (Talġunt); tmešša ‘walk’; azi (Ketama)/azzi (Snh.) ‘run’; azi-d aġuri ‘come/run to me!’;
 ffuġ ‘go out!’ (rude), sir ‘go’",come!,Morocco,v,Amazigh (Berber),Senhaja,Ketama
adu,,come!,Morocco,v,Amazigh (Berber),Senhaja,Zerqet
araḥ,,come!,Morocco,v,Semitic,Arabic,Ketama Arabic
araḥ,"ddu; arwaḥ/adu (Talġunt); tmešša ‘walk’; azi (Ketama)/azzi (Snh.) ‘run’; azi-d aġuri ‘come/run to me!’;
 ffuġ ‘go out!’ (rude), sir ‘go’",come!,Morocco,v,Amazigh (Berber),Senhaja,Ketama
azi,,come!,Morocco,v,Semitic,Arabic,Ketama Arabic
mmuu,,cow,Morocco,n,Amazigh (Berber),Senhaja,Zerqet
mmuuh,ṯafunast,cow,Morocco,n,Amazigh (Berber),Tarifiyt,Tuzin
tppprš,(ṯ)amgat,cow,Morocco,n,Amazigh (Berber),Senhaja,Ketama
beɛɛu,,"danger, monster",Morocco,n,Amazigh (Berber),Tarifiyt,Iqeraiyen
buɛɛu,,"danger, monster",Morocco,n,Semitic,Arabic,Ketama Arabic
buɛɛu,,"danger, monster",Morocco,n,Amazigh (Berber),Senhaja,Ketama
buɛɛu,,"danger, monster",Morocco,n,Amazigh (Berber),Senhaja,Mezduy
buɛɛu,"interj. ayyaw 'be careful!' (BT+AD), in Said: ayyaw or ayyaḇ); ṯamza 'ogress'; bu kebbas 'night-mare' (jinn), buharras 'sickness' (Said, not used in Iqeraiyen?)","danger, monster",Morocco,n,Amazigh (Berber),Tarifiyt,Said
buɛɛu,"interj. ayyaw 'be careful!' (BT+AD), in Said: ayyaw or ayyaḇ); ṯamza 'ogress'; bu kebbas 'night-mare' (jinn), buharras 'sickness' (Said, not used in Iqeraiyen?)","danger, monster",Morocco,n,Amazigh (Berber),Tarifiyt,Tuzin
buɛɛu,,"danger, monster",Morocco,n,Amazigh (Berber),Senhaja,Zerqet
bbux,i-mmuṯ 'he died',die,Morocco,v,Amazigh (Berber),Tarifiyt,Iqeraiyen
bbux,i-mmuṯ 'he died',die,Morocco,v,Amazigh (Berber),Tarifiyt,Said
bbux,,die,Morocco,v,Amazigh (Berber),Senhaja,Zerqet
xixxi,,"dirty, poo",Morocco,n,Semitic,Arabic,Ketama Arabic
xixxi,"iẓ̌ẓ̌a ‘dirty, ugly’;
 lexra ‘shit’; (ṯ)axerriṭ ‘piece of shit’; amqquz ‘shit that has the shape of a tower’","dirty, poo",Morocco,n,Amazigh (Berber),Senhaja,Ketama
xixxi,,"dirty, poo",Morocco,n,Amazigh (Berber),Senhaja,Mezduy
xixxi,bāḓ,"dirty, poo",Morocco,n,Amazigh (Berber),Tarifiyt,Iqeraiyen
xixxi,wā yeḥri,"dirty, poo",Morocco,n,Amazigh (Berber),Tarifiyt,Said
xixxi,"wā yeḥri 'dirty' (lit. 'not good');
 iẓẓan 'shit'","dirty, poo",Morocco,n,Amazigh (Berber),Tarifiyt,Tuzin
xixxi,"bāḓ (< breḓ) ‘to poo’;
 iẓẓan ‘shit’","dirty, poo",Morocco,n,Amazigh (Berber),Tarifiyt,Tuzin
xixxi,,"dirty, poo",Morocco,n,Amazigh (Berber),Senhaja,Zerqet
"kexx, kxxa",,"dirty, stop",Morocco,interj,Semitic,Arabic,Ketama Arabic
"kexx, kxxa","iẓ̌ẓ̌a ‘dirty, ugly’;
 lexra ‘shit’; (ṯ)axerriṭ ‘piece of shit’; amqquz ‘shit that has the shape of a tower’","dirty, stop",Morocco,interj,Amazigh (Berber),Senhaja,Ketama
"kexx, kxxa",,"dirty, stop",Morocco,interj,Amazigh (Berber),Senhaja,Mezduy
"kexx, kxxa","ixx(x) interj. expressing disgust; cf. yaɛ, yaɛɛu, yaɛɛat (interj.), tfu","dirty, stop",Morocco,interj,Amazigh (Berber),Tarifiyt,Iqeraiyen
"kexx, kxxa","ixx(x) interj. expressing disgust; cf. yaɛ, yaɛɛu, yaɛɛat (interj.), tfu","dirty, stop",Morocco,interj,Amazigh (Berber),Tarifiyt,Tuzin
"kexx, kxxa",,"dirty, stop",Morocco,interj,Amazigh (Berber),Senhaja,Zerqet
xixxi,"iẓ̌ẓ̌a ‘dirty, ugly’;
 lexra ‘shit’; (ṯ)axerriṭ ‘piece of shit’; amqquz ‘shit that has the shape of a tower’","dirty, stop",Morocco,n,Amazigh (Berber),Senhaja,Ketama
eɛɛ,,disgust,Morocco,interj,Semitic,Arabic,Ketama Arabic
eɛɛ,eɛɛ; ṭeẓẓ,disgust,Morocco,interj,Amazigh (Berber),Senhaja,Ketama
eɛɛ,,disgust,Morocco,interj,Amazigh (Berber),Senhaja,Mezduy
yaɛɛ,yaɛɛ,disgust,Morocco,interj,Amazigh (Berber),Tarifiyt,Tuzin
yaɛɛ,,disgust,Morocco,interj,Amazigh (Berber),Senhaja,Zerqet
ɛawɛaw ,,dog,Morocco,n,Amazigh (Berber),Senhaja,Mezduy
ɛawɛaw ,,dog,Morocco,n,Amazigh (Berber),Senhaja,Zerqet
hawhaw,,dog,Morocco,n,Semitic,Arabic,Ketama Arabic
hawhaw,,dog,Morocco,n,Amazigh (Berber),Tarifiyt,Said
hawhaw,,dog,Morocco,n,Amazigh (Berber),Senhaja,Zerqet
kezzu,"ḥerraz, aherḏan (Ayt Bounsar, Ayt Ahmed, Ayt Bushibet);
 aqzzun ‘puppy’",dog,Morocco,n,Amazigh (Berber),Senhaja,Ketama
kzuzu,,dog,Morocco,n,Amazigh (Berber),Tarifiyt,Said
kzuzu,"aqzin (Riff), aḳzin (Ayt Tuzin)",dog,Morocco,n,Amazigh (Berber),Tarifiyt,Tuzin
qezzu,,dog,Morocco,n,Amazigh (Berber),Tarifiyt,Iqeraiyen
qzuzu,,dog,Morocco,n,Amazigh (Berber),Tarifiyt,Said
qzuzu,"aqzin (Riff), aḳzin (Ayt Tuzin)",dog,Morocco,n,Amazigh (Berber),Tarifiyt,Tuzin
ɛawɛaw ,,dog ,Syria,n,Semitic,Arabic,Ketama Arabic
ɛawɛaw ,,dog ,Syria,n,Amazigh (Berber),Senhaja,Ketama
nunus,,doll,Morocco,n,Semitic,Arabic,Ketama Arabic
nunus,,doll,Morocco,n,Amazigh (Berber),Senhaja,Mezduy
nunusa,,doll,Morocco,n,Semitic,Arabic,Ketama Arabic
ġlulu,aġyuř,donkey,Morocco,n,Amazigh (Berber),Tarifiyt,Said
ḥa,aġyuř,donkey,Morocco,n,Amazigh (Berber),Tarifiyt,Said
ɛuɛɛu,aġyuy 'donkey'; aserḏun 'mule',"donkey, mule",Morocco,n,Amazigh (Berber),Senhaja,Ketama
ɛyyu,aɣyuy 'donkey'; aserḏun 'mule',"donkey, mule",Syria,n,Amazigh (Berber),Senhaja,Ketama
ġlulu,aserdun,"donkey, mule",Morocco,n,Amazigh (Berber),Tarifiyt,Said
ġlulu,aġyuř,"donkey, mule",Morocco,n,Amazigh (Berber),Tarifiyt,Tuzin
luluš,"aserdun (Riff)
 asā[r]ḏun (Ayt Tuzin)","donkey, mule",Morocco,n,Amazigh (Berber),Tarifiyt,Tuzin
šašša,,"donkey, mule",Morocco,n,Amazigh (Berber),Senhaja,Mezduy
uɛaɛ ,,"donkey, mule",Morocco,n,Amazigh (Berber),Senhaja,Zerqet
guggu,"(ṯ)awwerṯ, ṭaqṭaq (sound);","door, knock-knock (the sound of knocking on the door)",Morocco,n,Amazigh (Berber),Senhaja,Ketama
ɛenna,,eat,Morocco,v,Amazigh (Berber),Tarifiyt,Iqeraiyen
ɛenna,,eat,Morocco,v,Amazigh (Berber),Tarifiyt,Said
titti,,eat,Morocco,v,Amazigh (Berber),Tarifiyt,Tuzin
ɛamɛam,,"eat, bite, food",Morocco,v,Semitic,Arabic,Ketama Arabic
ɛamɛam,hešš 'eat!',"eat, bite, food",Morocco,v,Amazigh (Berber),Senhaja,Ketama
ɛamɛam,,"eat, bite, food",Morocco,v,Amazigh (Berber),Senhaja,Mezduy
ɛamɛam,,"eat, bite, food",Morocco,v,Amazigh (Berber),Senhaja,Zerqet
ɛnaɛnna,,"eat, bite, food",Morocco,v,Amazigh (Berber),Tarifiyt,Iqeraiyen
ɛnaɛnna,,"eat, bite, food",Morocco,v,Amazigh (Berber),Tarifiyt,Said
mimmi,,"eat, food",Morocco,v,Semitic,Arabic,Ketama Arabic
mimmiš,,"eat, food",Morocco,v,Semitic,Arabic,Ketama Arabic
fiffi,"awfilṯ, agfilṯ",egg,Morocco,n,Amazigh (Berber),Senhaja,Ketama
tača,ṯamdžač,egg,Morocco,n,Amazigh (Berber),Tarifiyt,Tuzin
tata,ṯamdžač,egg,Morocco,n,Amazigh (Berber),Tarifiyt,Iqeraiyen
ṭaṭa,,egg,Morocco,n,Amazigh (Berber),Senhaja,Zerqet
tataw,"ṯawfilṯ, ṯagfilṯ",egg,Morocco,n,Amazigh (Berber),Senhaja,Ketama
mummu,,eyes,Morocco,n,Amazigh (Berber),Senhaja,Zerqet
dudu,wḓa ‘fall’,fall (he fell),Morocco,v,Amazigh (Berber),Tarifiyt,Iqeraiyen
papas,ḇaḇa,father,Morocco,n,Amazigh (Berber),Tarifiyt,Tuzin
fuffu,,"fire, hot",Morocco,n,Semitic,Arabic,Ketama Arabic
fuffu,"(ṯ)imssi ‘fire’, iḥma ‘it is hot’","fire, hot",Morocco,n,Amazigh (Berber),Senhaja,Ketama
fuffu,,"fire, hot",Morocco,n,Amazigh (Berber),Senhaja,Mezduy
fuffu,,"fire, hot",Morocco,n,Amazigh (Berber),Senhaja,Mezduy
fuffu,iḥma 'hot'; ṯimssi 'fire',"fire, hot",Morocco,n,Amazigh (Berber),Tarifiyt,Iqeraiyen
fuffu,iḥma 'hot'; ṯimssi 'fire',"fire, hot",Morocco,n,Amazigh (Berber),Tarifiyt,Tuzin
fuffu,,"fire, hot",Morocco,n,Amazigh (Berber),Senhaja,Zerqet
ninni,"sserḏin (Ketama), vs. Senhaja iselman",fish,Morocco,n,Amazigh (Berber),Senhaja,Ketama
mnamna,hešš 'eat!',food,Morocco,n,Amazigh (Berber),Senhaja,Ketama
mnamna,,food,Morocco,n,Amazigh (Berber),Senhaja,Zerqet
"mnamna, mnamni",,food,Morocco,n,Semitic,Arabic,Ketama Arabic
"mnamna, mnamni",,food,Morocco,n,Amazigh (Berber),Senhaja,Mezduy
bčuta,abčun,genitals (female),Morocco,n,Amazigh (Berber),Senhaja,Ketama
pčuta,abčun,genitals (female),Morocco,n,Amazigh (Berber),Senhaja,Ketama
bibbiš,"aḇrur, amenyar, aqellaw",genitals (male),Morocco,n,Amazigh (Berber),Tarifiyt,Iqeraiyen
čuta,,genitals (male),Morocco,n,Amazigh (Berber),Senhaja,Ketama
maɛɛ,"ṯġaṭ (F), iġḏ (M) or iġiyḏ (Iqeraiyen)","goat, sheep",Morocco,n,Amazigh (Berber),Tarifiyt,Tuzin
maɛɛa,(ṯ)aġaṭṭ 'goat',"goat, sheep",Morocco,n,Amazigh (Berber),Senhaja,Ketama
maɛɛa,,"goat, sheep",Morocco,n,Amazigh (Berber),Senhaja,Zerqet
maɛɛa(š),,"goat, sheep",Morocco,n,Semitic,Arabic,Ketama Arabic
maɛɛa(š),,"goat, sheep",Morocco,n,Amazigh (Berber),Senhaja,Mezduy
bbaḥ,,"gone, finished; I don't have it (any more)",Morocco,v,Semitic,Arabic,Ketama Arabic
bbaḥ,"iššay, uḏ iššay 'there is nothing', walu","gone, finished; I don't have it (any more)",Morocco,v,Amazigh (Berber),Senhaja,Ketama
bbaḥ,,"gone, finished; I don't have it (any more)",Morocco,v,Amazigh (Berber),Senhaja,Mezduy
bbaḥ,"i-ruḥ 'it's gone', walu, wa ḏa ša ‘nothing here’, wa ḏin ša 'nothing there'; opposite of: ḏin 'there is'","gone, finished; I don't have it (any more)",Morocco,v,Amazigh (Berber),Tarifiyt,Tuzin
bbaḥ,,"gone, finished; I don't have it (any more)",Morocco,v,Amazigh (Berber),Senhaja,Zerqet
dadas,žeddi,grandfather,Morocco,n,Amazigh (Berber),Tarifiyt,Tuzin
"zeddu, zeddi",žeddi,grandfather,Morocco,n,Semitic,Arabic,Ketama Arabic
žeddis,žeddi,grandfather,Morocco,n,Amazigh (Berber),Tarifiyt,Iqeraiyen
žeddis,žeddi,grandfather,Morocco,n,Amazigh (Berber),Tarifiyt,Said
žiži,židi,grandfather,Morocco,n,Amazigh (Berber),Senhaja,Ketama
ḥennas,ḥenna,grandmother,Morocco,n,Amazigh (Berber),Tarifiyt,Iqeraiyen
ḥennas,ḥenna,grandmother,Morocco,n,Amazigh (Berber),Tarifiyt,Said
mamma,žida,grandmother,Morocco,n,Amazigh (Berber),Senhaja,Ketama
mamma,,grandmother,Morocco,n,Amazigh (Berber),Senhaja,Mezduy
nana,žida,grandmother,Morocco,n,Amazigh (Berber),Tarifiyt,Tuzin
ziza,žiža,grandmother,Morocco,n,Semitic,Arabic,Ketama Arabic
žiža,žiža,grandmother,Morocco,n,Semitic,Arabic,Ketama Arabic
žiža,žida,grandmother,Morocco,n,Amazigh (Berber),Senhaja,Ketama
beddaḥ(a),"afus, PL ifassen; (ṯ)iġerraḓ 'arm' (no BT term)","hand(s), arm(s)",Morocco,n,Amazigh (Berber),Senhaja,Ketama
sasaḥ,"fus, PL ifassen; iġadžen (iġallen in Kebdana) = ṯaġṛuṭṭ 'arm/shoulder'","hand(s), arm(s)",Morocco,n,Amazigh (Berber),Tarifiyt,Tuzin
sassaḥ,,"hand(s), arm(s)",Morocco,n,Amazigh (Berber),Senhaja,Mezduy
sassaḥ,"fus, PL ifassen","hand(s), arm(s)",Morocco,n,Amazigh (Berber),Tarifiyt,Iqeraiyen
sassaḥ,"fus, PL ifassen","hand(s), arm(s)",Morocco,n,Amazigh (Berber),Tarifiyt,Said
sassaḥ,,"hand(s), arm(s)",Morocco,n,Amazigh (Berber),Senhaja,Zerqet
dadda,,hit,Morocco,n,Semitic,Arabic,Ketama Arabic
"taḥ, taḥḥa, tataḥ, taḥtaḥ",,hit,Morocco,n/v,Amazigh (Berber),Tarifiyt,Tuzin
"taḥ, taḥḥa, taṭaḥ, taḥtaḥ",,hit,Morocco,n/v,Semitic,Arabic,Ketama Arabic
"taḥ, taḥḥa, taṭaḥ, taḥtaḥ","wweṯ! ‘hit’, wṯ=iṯ ‘hit him!', sql=iṯ ‘slap him’, terš=iṯ ‘slap him!’; seffaq! ‘clap!’",hit,Morocco,n/v,Amazigh (Berber),Senhaja,Ketama
"taḥ, taḥḥa, taṭaḥ, taḥtaḥ",,hit,Morocco,n/v,Amazigh (Berber),Senhaja,Mezduy
"taḥ, taḥḥa, taṭaḥ, taḥtaḥ",seqqer!,hit,Morocco,n/v,Amazigh (Berber),Tarifiyt,Iqeraiyen
"taḥ, taḥḥa, taṭaḥ, taḥtaḥ","seqqer! ‘hit!’
 seqqr=iṯ ‘hit him!’; wweṯ=iṯ ‘hit him!’; smedda(r)ḓa(r)! ‘smash/hit strongly’ (factitive derived from ameddarḓar ‘slap’)",hit,Morocco,n/v,Amazigh (Berber),Tarifiyt,Tuzin
"taḥ, taḥḥa, taṭaḥ, taḥtaḥ",,hit,Morocco,n/v,Amazigh (Berber),Senhaja,Zerqet
mmaḥ,"ṯimssi ‘fire’, iḥma ‘it is hot’","hot, fire",Morocco,v (quality),Amazigh (Berber),Senhaja,Ketama
diddi,,"hurt, pain",Morocco,n,Semitic,Arabic,Ketama Arabic
diddi,aḥḥ 'oh' (exclamation),"hurt, pain",Morocco,n,Amazigh (Berber),Senhaja,Ketama
diddi,,"hurt, pain",Morocco,n,Amazigh (Berber),Senhaja,Mezduy
diddi,aḥḥ 'oh' (exclamation),"hurt, pain",Morocco,n,Amazigh (Berber),Tarifiyt,Iqeraiyen
diddi,aḥḥ 'oh' (exclamation),"hurt, pain",Morocco,n,Amazigh (Berber),Tarifiyt,Tuzin
diddi,,"hurt, pain",Morocco,n,Amazigh (Berber),Senhaja,Zerqet
diddiḥ,aḥḥ 'oh' (exclamation),"hurt, pain",Morocco,n,Amazigh (Berber),Tarifiyt,Said
quqquɛ,"aqquɛ, PL iqquɛen ‘insects’; also abeɛɛuš 'insect' (Iqerien);
 izi ‘fly’;
 ṯiziṯ ‘mosquito’","insect(s), beatle, etc.",Morocco,n,Amazigh (Berber),Tarifiyt,Tuzin
xuxxu,axxuy 'insects',"insect(s), beatle, fly, etc.",Morocco,n,Amazigh (Berber),Senhaja,Ketama
xuxxu,"interj. ayyaw 'be careful!' (BT+AD), in Said: ayyaw or ayyaḇ); ṯamza 'ogress'; bu kebbas 'night-mare' (jinn), buharras 'sickness' (Said, not used in Iqeraiyen?)","insect(s), dirty; danger",Morocco,n,Amazigh (Berber),Tarifiyt,Said
xuxxu,"interj. ayyaw 'be careful!' (BT+AD), in Said: ayyaw or ayyaḇ); ṯamza 'ogress'; bu kebbas 'night-mare' (jinn), buharras 'sickness' (Said, not used in Iqeraiyen?)","insect(s), dirty; danger",Morocco,n,Amazigh (Berber),Tarifiyt,Tuzin
baḥḥa,"(ṯ)amḥḥišṯ (< ṯamḥḥiyṯ? not used; rarely -št) /(ṯ)abḥḥišṯ (not a commonly used/ “proper” word, not used with parents); (ṯ)amaḥḥat, (ṯ)abaḥḥat",kiss,Morocco,n,Amazigh (Berber),Senhaja,Ketama
beḥḥa,"ṯaqemmunt (not used with parents because of respect, a “taboo” word); ṯabeḥḥat (used with older children, not babies); seǧem (v) 'to kiss', 'greet' in general (esp. in Ayt Waryaghel; <darija sellem ‘to greet’); suḏem ‘to kiss’ (on the cheeks)",kiss,Morocco,n,Amazigh (Berber),Tarifiyt,Tuzin
beḥḥa,,kiss,Morocco,n,Amazigh (Berber),Senhaja,Zerqet
bizu,,kiss,Morocco,n,Amazigh (Berber),Tarifiyt,Iqeraiyen
bizu,,kiss,Morocco,n,Amazigh (Berber),Senhaja,Zerqet
maḥḥ,"(ṯ)amḥḥišṯ (< ṯamḥḥiyṯ? not used; rarely -št) /(ṯ)abḥḥišṯ (not a commonly used/ “proper” word, not used with parents); (ṯ)amaḥḥat, (ṯ)abaḥḥat",kiss,Morocco,n,Amazigh (Berber),Senhaja,Ketama
maḥḥa,"(ṯ)amḥḥišṯ (< ṯamḥḥiyṯ? not used; rarely -št) /(ṯ)abḥḥišṯ (not a commonly used/ “proper” word, not used with parents); (ṯ)amaḥḥat, (ṯ)abaḥḥat",kiss,Morocco,n,Amazigh (Berber),Senhaja,Ketama
maḥḥa,taqemmunt,kiss,Morocco,n,Amazigh (Berber),Tarifiyt,Iqeraiyen
mmaḥ,,kiss,Morocco,n,Semitic,Arabic,Ketama Arabic
"mmaḥ, mmʷaḥ, mmwaḥ",,kiss,Morocco,n,Amazigh (Berber),Senhaja,Zerqet
mmaḥa,,kiss,Morocco,n,Semitic,Arabic,Ketama Arabic
"mmʷaḥ, mmwaḥ, mmaḥ","ṯaqemmunt (not used with parents because of respect, a “taboo” word); ṯabeḥḥat (used with older children, not babies); seǧem (v) 'to kiss', 'greet' in general (esp. in Ayt Waryaghel; <darija sellem ‘to greet’); suḏem ‘to kiss’ (on the cheeks)",kiss,Morocco,n,Amazigh (Berber),Tarifiyt,Tuzin
ṯabeḥḥat,taqemmunt,kiss,Morocco,n,Amazigh (Berber),Tarifiyt,Tuzin
ṯabeḥḥat,,kiss,Morocco,n,Amazigh (Berber),Senhaja,Zerqet
tamaḥḥat,taqemmunt,kiss,Morocco,n,Amazigh (Berber),Tarifiyt,Iqeraiyen
uwwa,,kiss,Morocco,n,Semitic,Arabic,Ketama Arabic
ngeġġa,,"laugh/smile ~ said to the baby to make him smile/laugh (the baby cannot talk yet) when you play with it; ""cute""",Morocco,interj,Amazigh (Berber),Senhaja,Ketama
ngeġġa,,"laugh/smile ~ said to the baby to make him smile/laugh (the baby cannot talk yet) when you play with it; ""cute""",Morocco,interj,Amazigh (Berber),Tarifiyt,Iqeraiyen
ngeġġa,,"laugh/smile ~ said to the baby to make him smile/laugh (the baby cannot talk yet) when you play with it; ""cute""",Morocco,interj,Amazigh (Berber),Tarifiyt,Tuzin
ngeġġa,,"laugh/smile ~ said to the baby to make him smile/laugh (the baby cannot talk yet) when you play with it; ""cute""",Morocco,interj,Amazigh (Berber),Senhaja,Zerqet
lalaɛ,"ḓar, PL iḓaren","leg(s), foot/feet",Morocco,n,Amazigh (Berber),Tarifiyt,Iqeraiyen
lalaɛ,"ḓar, PL iḓaren","leg(s), foot/feet",Morocco,n,Amazigh (Berber),Tarifiyt,Said
lalaḥ,"ḓar, PL iḓaren","leg(s), foot/feet",Morocco,n,Amazigh (Berber),Tarifiyt,Iqeraiyen
lalaḥ,"ḓar, PL iḓaren","leg(s), foot/feet",Morocco,n,Amazigh (Berber),Tarifiyt,Tuzin
lallaḥ,"aḓar, PL iḓaren","leg(s), foot/feet",Morocco,n,Amazigh (Berber),Senhaja,Ketama
lallaš,,"leg(s), foot/feet",Morocco,n,Semitic,Arabic,Ketama Arabic
lallaš,"aḓar, PL iḓaren","leg(s), foot/feet",Morocco,n,Amazigh (Berber),Senhaja,Ketama
lallaš,,"leg(s), foot/feet",Morocco,n,Amazigh (Berber),Senhaja,Zerqet
qžižžiḥ,aysum,meat,Morocco,n,Amazigh (Berber),Tarifiyt,Tuzin
titti,lḥam,meat,Morocco,n,Amazigh (Berber),Senhaja,Ketama
tuttu,,meat,Morocco,n,Amazigh (Berber),Senhaja,Zerqet
žižži,aysum,meat,Morocco,n,Amazigh (Berber),Tarifiyt,Tuzin
žižžiḥ,aysum,meat,Morocco,n,Amazigh (Berber),Tarifiyt,Iqeraiyen
ḥuḥḥu,"ašffay (Midar, Ayt Tuzin);
 ašffay n porbo ‘milk powder’; aġi 'milk' (Iqeraiyen), aġi asemmam 'butter-milk'","milk, butter-milk",Morocco,n,Amazigh (Berber),Tarifiyt,Iqeraiyen
ḥuḥḥu,"ašffay (Midar, Ayt Tuzin);
 ašffay n porbo ‘milk powder’; aġi 'milk' (Iqeraiyen), aġi asemmam 'butter-milk'","milk, butter-milk",Morocco,n,Amazigh (Berber),Tarifiyt,Said
buɛerras,,monster who will cut your fingers if you eat wall-nut before it gets ripe,Morocco,n,Amazigh (Berber),Senhaja,Ketama
mamas,yemma,mother,Morocco,n,Amazigh (Berber),Tarifiyt,Tuzin
mamma,yemma,mother,Morocco,n,Semitic,Arabic,Ketama Arabic
mamma,imma,mother,Morocco,n,Amazigh (Berber),Senhaja,Ketama
mimmi(š),"imi 'mouth', inšušen ‘lips’",mouth,Morocco,n,Amazigh (Berber),Senhaja,Ketama
mimmi(š),,mouth,Morocco,n,Amazigh (Berber),Senhaja,Zerqet
qemmuš,"aqemmum, imi",mouth,Morocco,n,Amazigh (Berber),Tarifiyt,Iqeraiyen
qemmuš,"aqemmum, imi; taqemmunt 1) DIM 2) a kiss; anšušen ‘lips’",mouth,Morocco,n,Amazigh (Berber),Tarifiyt,Said
qemmuš,"aqemmum, imi; taqemmunt 1) DIM 2) a kiss; anšušen ‘lips’",mouth,Morocco,n,Amazigh (Berber),Tarifiyt,Said
qemmut,"aqemmum, imi",mouth,Morocco,n,Amazigh (Berber),Tarifiyt,Said
babbaḥ,iziḓ ‘it is tasty’,"nice, good, tasty",Morocco,v (quality),Amazigh (Berber),Tarifiyt,Iqeraiyen
bbaḥḥ,iziḓ ‘it is tasty’,"nice, good, tasty",Morocco,v (quality),Amazigh (Berber),Tarifiyt,Iqeraiyen
bbaḥḥ,iziḓ ‘it is tasty’,"nice, good, tasty",Morocco,v (quality),Amazigh (Berber),Tarifiyt,Tuzin
bbuḥ,,"nice, good, tasty",Morocco,v (quality),Semitic,Arabic,Ketama Arabic
bbuḥ,"i-ṣḇaḥ 'it's tasty, nice', mezyan 'good'","nice, good, tasty",Morocco,v (quality),Amazigh (Berber),Senhaja,Ketama
aḥḥ,iḥma! 'hot!',oh (warning),Morocco,interj,Amazigh (Berber),Tarifiyt,Said
aḥḥ,,oh (warning),Morocco,interj,Amazigh (Berber),Senhaja,Zerqet
aḥḥ,"ṯimssi ‘fire’,
 iḥma ‘it is hot’","oh, warning",Morocco,interj,Amazigh (Berber),Senhaja,Ketama
aḥḥ,aḥḥ 'oh' (exclamation),"oh, warning",Morocco,interj,Amazigh (Berber),Tarifiyt,Tuzin
bšša,,pee,Morocco,v/n,Semitic,Arabic,Ketama Arabic
bšša,ḇešš,pee,Morocco,v/n,Amazigh (Berber),Tarifiyt,Iqeraiyen
bšša,,pee,Morocco,v/n,Amazigh (Berber),Senhaja,Zerqet
pippi,ḇešš,pee,Morocco,v/n,Amazigh (Berber),Tarifiyt,Tuzin
pšša,"bẓeḓ (v), ibeẓẓaḓen PL (n)",pee,Morocco,v/n,Amazigh (Berber),Senhaja,Ketama
pšša,ḇešš,pee,Morocco,v/n,Amazigh (Berber),Tarifiyt,Tuzin
bžža,"bẓeḓ (v), ibeẓẓaḓen PL (n)",pee ,Morocco,v/n,Amazigh (Berber),Senhaja,Ketama
daddaɛ,,piggyback (carry on back),Morocco,v/n,Semitic,Arabic,Ketama Arabic
daddaɛ,,piggyback (carry on back),Morocco,v/n,Amazigh (Berber),Senhaja,Mezduy
kakaḥ,,poop,Morocco,v/n,Amazigh (Berber),Senhaja,Mezduy
kakka,wā yeḥri,"poop, dirty",Morocco,v/n,Amazigh (Berber),Tarifiyt,Said
kakkaḥ,,"poop, dirty",Morocco,v/n,Amazigh (Berber),Senhaja,Zerqet
qaqa,"wā yeḥri 'dirty' (lit. 'not good');
 iẓẓan 'shit'","poop, dirty",Morocco,n,Amazigh (Berber),Tarifiyt,Tuzin
qaqqa,"bāḓ (< breḓ) ‘to poo’;
 iẓẓan ‘shit’","poop, dirty",Morocco,n,Amazigh (Berber),Tarifiyt,Tuzin
qaqqaḥ,"bāḓ (< breḓ) ‘to poo’;
 iẓẓan ‘shit’","poop, dirty",Morocco,n,Amazigh (Berber),Tarifiyt,Tuzin
baɛɛ,"udži, PL iḥuriyen","sheep, goat",Morocco,n,Amazigh (Berber),Tarifiyt,Iqeraiyen
baɛɛ,"udži, PL ibeɛɛašen (not used in Iqeraiyen); aḥuři/išarri","sheep, goat",Morocco,n,Amazigh (Berber),Tarifiyt,Tuzin
baɛɛa,ibeɛɛašen (PL) 'sheep'; (ṯ)aġaṭṭ 'goat',"sheep, goat",Morocco,n,Amazigh (Berber),Senhaja,Ketama
baɛɛa(š),,"sheep, goat",Morocco,n,Semitic,Arabic,Ketama Arabic
baɛɛa(š),,"sheep, goat",Morocco,n,Amazigh (Berber),Senhaja,Mezduy
baɛɛa(š),,"sheep, goat",Morocco,n,Amazigh (Berber),Senhaja,Zerqet
ibeɛɛšen,"udži, aḥuři/išarri","sheep, goat",Morocco,n,Amazigh (Berber),Tarifiyt,Tuzin
babbaṭ,,shoes,Morocco,n,Amazigh (Berber),Senhaja,Zerqet
babbay,"ṣṣḇayaḓ (always PL) = irekkasen, SG arkkas (old word, rare)",shoes,Morocco,n,Amazigh (Berber),Senhaja,Ketama
bibbiṭ,,shoes,Morocco,n,Semitic,Arabic,Ketama Arabic
šašša,aha(r)kus SG; iha(r)kusen PL,shoes,Morocco,n,Amazigh (Berber),Tarifiyt,Iqeraiyen
"šššš, ssssss, ššššt, sssst",,"shut up, be quiet",Morocco,interj,Semitic,Arabic,Ketama Arabic
"šššš, ssssss, ššššt, sssst","skuṯ (M/F), sset, PL sst-aṯ!","shut up, be quiet",Morocco,interj,Amazigh (Berber),Senhaja,Ketama
"šššš, ssssss, ššššt, sssst",,"shut up, be quiet",Morocco,interj,Amazigh (Berber),Senhaja,Mezduy
"šššš, ssssss, ššššt, sssst",,"shut up, be quiet",Morocco,interj,Amazigh (Berber),Senhaja,Zerqet
"ššššt, sssst, šššš, ssssss","sqa(r)! (usual) sseġḓ (strong/Ayt Waryaghel), šššt (interj.)","shut up, be quiet",Morocco,interj,Amazigh (Berber),Tarifiyt,Iqeraiyen
"ššššt, sssst, šššš, ssssss","sqa(r)! (usual) sseġḓ (strong/Ayt Waryaghel), šššt (interj.)","shut up, be quiet",Morocco,interj,Amazigh (Berber),Tarifiyt,Tuzin
čaččaḥ,"skurrem! M/F, skurm-aṯ PL",sit down,Morocco,v,Amazigh (Berber),Senhaja,Ketama
čaččaḥ,,sit down,Morocco,v,Amazigh (Berber),Senhaja,Zerqet
čiči,,sit down,Morocco,v,Semitic,Arabic,Ketama Arabic
čiči,"skurrem! M/F, skurm-aṯ PL",sit down,Morocco,v,Amazigh (Berber),Senhaja,Ketama
qemmaš,"qqim M/F, qqim-eṯ/em PL",sit down,Morocco,v,Amazigh (Berber),Tarifiyt,Iqeraiyen
qemmaš,"qqim M/F, qqim-eṯ/em PL",sit down,Morocco,v,Amazigh (Berber),Tarifiyt,Tuzin
tataḥ,,sit down,Morocco,v,Semitic,Arabic,Ketama Arabic
tataḥ,,sit down,Morocco,v,Amazigh (Berber),Senhaja,Mezduy
titti,,sit down,Morocco,v,Semitic,Arabic,Ketama Arabic
titti,,sit down,Morocco,v,Amazigh (Berber),Senhaja,Mezduy
ččux,,slaughter,Morocco,v,Semitic,Arabic,Ketama Arabic
ǧǧux,,slaughter,Morocco,v,Amazigh (Berber),Senhaja,Zerqet
ččuḥ,"ṭṭes!, ṭṭs-eṯ/ṭṭs-em! PL;
 wa(r)ža ‘to dream’;
 qama ‘bed’",sleep,Morocco,v,Amazigh (Berber),Senhaja,Ketama
ččuḥ(a),,sleep,Morocco,v,Semitic,Arabic,Ketama Arabic
ččux,"ṭṭes!, ṭṭs-eṯ/ṭṭs-em! PL;
 wa(r)ža ‘to dream’;
 qama ‘bed’",sleep,Morocco,v,Amazigh (Berber),Senhaja,Ketama
ninni,,sleep,Morocco,v,Semitic,Arabic,Ketama Arabic
ninni,,sleep,Morocco,v,Amazigh (Berber),Senhaja,Mezduy
ninni,,sleep,Morocco,v,Amazigh (Berber),Senhaja,Zerqet
ttuḥ,"ṭṭes!, ṭṭs-eṯ/ṭṭs-em! PL;
 wa(r)ža ‘to dream’;
 qama ‘bed’",sleep,Morocco,v,Amazigh (Berber),Senhaja,Ketama
xxuš,,sleep,Morocco,v,Amazigh (Berber),Senhaja,Mezduy
xxuš,"ṭṭes!, ṭṭs-eṯ/ṭṭs-em! PL;
 wa(r)ža ‘to dream’;
 qama ‘bed’",sleep,Morocco,v,Amazigh (Berber),Tarifiyt,Iqeraiyen
xxuš,"ṭṭes!, ṭṭs-eṯ/ṭṭs-em! PL;
 wa(r)ža ‘to dream’;
 qama ‘bed’",sleep,Morocco,v,Amazigh (Berber),Tarifiyt,Tuzin
xxuš,,sleep,Morocco,v,Amazigh (Berber),Senhaja,Zerqet
ɛa menni,,"stop, leave me alone/ in peace, enough!",Morocco,phrase,Semitic,Arabic,Ketama Arabic
mummu,(a)beṛṛani,stranger,Morocco,n,Amazigh (Berber),Senhaja,Ketama
mummu,abaṛṛani,stranger,Morocco,n,Amazigh (Berber),Tarifiyt,Iqeraiyen
mummu,abaṛṛani,stranger,Morocco,n,Amazigh (Berber),Tarifiyt,Said
mummu,abaṛṛani,stranger,Morocco,n,Amazigh (Berber),Tarifiyt,Tuzin
ḥellaw,,"sweet(s), cake(s)",Morocco,n,Semitic,Arabic,Ketama Arabic
ḥellaw,,"sweet(s), cake(s)",Morocco,n,Amazigh (Berber),Senhaja,Mezduy
ḥellu,"ḥelwa ‘sweets’, 
 čikli ‘chewing-gum’;
 disir, fawakih (fusḥa) 'fruit' (no term in Ketama)","sweet(s), cake(s)",Morocco,n,Amazigh (Berber),Senhaja,Ketama
ḥellu,,"sweet(s), cake(s)",Morocco,n,Amazigh (Berber),Senhaja,Mezduy
qaqqa,ḥalawa 'sweets' (Midar); ḥalawit (Iqeraiyen); čikli 'chewing-gum'; rxuḓāṯ ‘fruit',"sweet(s), cake(s); fruit, dessert, delicious",Morocco,n,Amazigh (Berber),Tarifiyt,Iqeraiyen
qaqqa,iziḓ ‘it is tasty’,"sweet(s), cake(s); fruit, dessert, delicious",Morocco,n,Amazigh (Berber),Tarifiyt,Tuzin
qaqqa,ḥalawa 'sweets' (Midar); ḥalawit (Iqeraiyen); čikli 'chewing-gum'; rxuḓāṯ ‘fruit',"sweet(s), cake(s); fruit, dessert, delicious",Morocco,n,Amazigh (Berber),Tarifiyt,Tuzin
qaqqa,,"sweet(s), cake(s); fruit, dessert,...",Morocco,n,Semitic,Arabic,Ketama Arabic
qaqqa,rxuḓāṯ (same as 'vegetables),"sweet(s), cake(s); fruit, dessert,...",Morocco,n,Amazigh (Berber),Tarifiyt,Tuzin
"ǧuǧu, žužžu","(ṯ)anwarṯ, PL nnuwwar/ nnwar ‘flower’; luɛba, aqežqul (SG, rare, more often used in PL) > žqaqel ‘toys’ (always PL; anything you can play with); munika (PL munikaṯ) 'doll'; ttrimbu (always SG) 'top'","toy, nice beautiful object",Morocco,n,Amazigh (Berber),Senhaja,Ketama
"ǧuǧu, žužžu",,"toy, nice beautiful object",Morocco,n,Amazigh (Berber),Senhaja,Mezduy
lullu,"(ṯ)anwarṯ, PL nnuwwar/ nnwar ‘flower’; luɛba, aqežqul (SG, rare, more often used in PL) > žqaqel ‘toys’ (always PL; anything you can play with); munika (PL munikaṯ) 'doll'; ttrimbu (always SG) 'top'","toy, nice beautiful object",Morocco,n,Amazigh (Berber),Senhaja,Ketama
lullu,"leɛḇa(ṯ) 'toy(s)', munika 'doll'; ttrimbu 'top'; ṯanwa(r)ṯ ‘flower’, PL nnwa(r)","toy, nice beautiful object",Morocco,n,Amazigh (Berber),Tarifiyt,Said
lullu,"leɛḇa(ṯ) 'toy(s)', iqšuɛen (always PL); munika 'doll', PL imunikaṯen; ttrimbu 'top'; ṯanwa(r)ṯ ‘flower’, PL nnwa(r)","toy, nice beautiful object",Morocco,n,Amazigh (Berber),Tarifiyt,Tuzin
lulluš,"leɛḇa(ṯ) 'toy(s)'; munika 'doll', PL muniku(ṯ); ttrimbu 'top'; ṯanwwa(r)ṯ ‘flower’, PL ṯanewwašṯ or (coll.) nnwa(r) or nnwaš","toy, nice beautiful object",Morocco,n,Amazigh (Berber),Tarifiyt,Iqeraiyen
ṯlullušt,"leɛḇa(ṯ) 'toy(s)'; munika 'doll', PL muniku(ṯ); ttrimbu 'top'; ṯanwwa(r)ṯ ‘flower’, PL ṯanewwašṯ or (coll.) nnwa(r) or nnwaš","toy, nice beautiful object",Morocco,n,Amazigh (Berber),Tarifiyt,Iqeraiyen
ṯlullušt,"leɛḇa(ṯ) 'toy(s)', munika 'doll'; ttrimbu 'top'; ṯanwa(r)ṯ ‘flower’, PL nnwa(r)","toy, nice beautiful object",Morocco,n,Amazigh (Berber),Tarifiyt,Said
xalu,xal-,uncle (maternal),Morocco,n,Semitic,Arabic,Ketama Arabic
ɛemmu,ɛemm-,uncle (paternal),Morocco,n,Semitic,Arabic,Ketama Arabic
titit,,"vehicle, beep",Morocco,n,Semitic,Arabic,Ketama Arabic
titit,,"vehicle, beep",Morocco,n,Amazigh (Berber),Senhaja,Mezduy
titit,"tunuḇin 'car'; muṭu(r) 'motorbike'; 
 bašklit 'bicycle'; mašina 'train'; ṭuḇis 'bus'; lkar 'bus (from one city to another)'; tram ‘tram’","vehicle, beep",Morocco,n,Amazigh (Berber),Tarifiyt,Tuzin
titit,"ṭunubil 'car', lmašina 'train', lmuṭuṛ 'motorbike', bišklit 'bike'; ṭubis 'bus', lkaṛ 'bus from city to city'","vehicle, beep ",Morocco,n,Amazigh (Berber),Senhaja,Ketama
pipip,"ṭunubil 'car', lmašina 'train', lmuṭuṛ 'motorbike', bišklit 'bike'; ṭubis 'bus', lkaṛ 'bus from city to city'","vehicle, beep beep",Morocco,n,Amazigh (Berber),Senhaja,Ketama
pipip,,"vehicle, beep beep",Morocco,n,Amazigh (Berber),Senhaja,Mezduy
pipip,ṭunuḇin 'car',"vehicle, beep beep",Morocco,n,Amazigh (Berber),Tarifiyt,Iqeraiyen
pipip,"tunuḇin 'car'; muṭu(r) 'motorbike'; 
 bašklit 'bicycle'; mašina 'train'; ṭuḇis 'bus'; lkar 'bus (from one city to another)'; tram ‘tram’","vehicle, beep beep",Morocco,n,Amazigh (Berber),Tarifiyt,Tuzin
pipip,,"vehicle, beep beep",Morocco,n,Amazigh (Berber),Senhaja,Zerqet
ɛanɛan,,"vehicle, motor",Morocco,n,Semitic,Arabic,Ketama Arabic
ɛanɛan,"ṭunubil 'car', lmašina 'train', lmuṭuṛ 'motorbike', bišklit 'bike'; ṭubis 'bus', lkaṛ 'bus from city to city'","vehicle, motor",Morocco,n,Amazigh (Berber),Senhaja,Ketama
ɛanɛan,,"vehicle, motor",Morocco,n,Amazigh (Berber),Senhaja,Mezduy
ɛanɛan,ṭunuḇin 'car',"vehicle, motor",Morocco,n,Amazigh (Berber),Tarifiyt,Iqeraiyen
ɛanɛan,"tunuḇin 'car'; muṭu(r) 'motorbike'; 
 bašklit 'bicycle'; mašina 'train'; ṭuḇis 'bus'; lkar 'bus (from one city to another)'; tram ‘tram’","vehicle, motor",Morocco,n,Amazigh (Berber),Tarifiyt,Tuzin
ɛanɛan,,"vehicle, motor",Morocco,n,Amazigh (Berber),Senhaja,Zerqet
daddaš,,walk,Morocco,v,Semitic,Arabic,Ketama Arabic
daddaš,,walk,Morocco,v,Amazigh (Berber),Senhaja,Ketama
daddaš,"afus, PL ifassen; (ṯ)iġerraḓ 'arm' (no BT term)",walk,Morocco,v,Amazigh (Berber),Senhaja,Ketama
daddaš,,walk,Morocco,v,Amazigh (Berber),Senhaja,Zerqet
daddaš ,,walk,Morocco,v,Amazigh (Berber),Tarifiyt,Said
daddaš ,"~ ṯišři ‘walk’;
 raḥ ‘go!’ M/F
 araḥi=d/ as=d
 ‘come (to me)’/ as=d ġar-i (ġur-i?) ‘come to me’; azzeř ‘run’, 
 ffeġ ‘go out!’ (rude); mureḏ 'crawl'; i-ț-muruḏ ‘he crawls’ (IMPF)",walk,Morocco,v,Amazigh (Berber),Tarifiyt,Tuzin
dadduš,,walk,Morocco,v,Semitic,Arabic,Ketama Arabic
dadduš,,walk,Morocco,v,Amazigh (Berber),Senhaja,Mezduy
bubu,aman 'water'; su! 'drink!',water; to drink,Morocco,n,Amazigh (Berber),Senhaja,Mezduy
mbvva,,water; to drink,Morocco,n,Semitic,Arabic,Ketama Arabic
mbvva,aman 'water'; su! 'drink!',water; to drink,Morocco,n,Amazigh (Berber),Senhaja,Ketama
mbvva,,water; to drink,Morocco,n,Amazigh (Berber),Senhaja,Mezduy
mbvva,aman 'water'; su! 'drink!',water; to drink,Morocco,n,Amazigh (Berber),Tarifiyt,Iqeraiyen
mbvva,aman 'water'; su! 'drink!',water; to drink,Morocco,n,Amazigh (Berber),Tarifiyt,Tuzin
mbvva,,water; to drink,Morocco,n,Amazigh (Berber),Senhaja,Zerqet